chr,pos,ref length,query length,read length,mapping quality,read name,TA_location,read,seq library,strand,tpn promoter orient
chr2,17857638,110,148,148,42,K00275:54:HHHJTBBXX:8:2120:7456:22854,none,TGGT-TCTT,IRL,-,+
chr2,17857638,110,148,148,42,K00275:54:HHHJTBBXX:8:2123:25185:28850,none,TGGT-TCTT,IRL,-,+
chr11,26361587,100,148,148,41,K00275:54:HHHJTBBXX:8:1121:10541:11741,none,GTTT-CAAC,IRL,+,-
chr19,17668823,86,147,147,28,K00275:54:HHHJTBBXX:8:1110:7994:47454,none,TCGC-CTGC,IRL,-,+
chr1,24917063,61,122,122,28,K00275:54:HHHJTBBXX:8:2111:19015:6660,none,GCTT-AGCA,IRR,+,+
chr1,32750497,75,123,123,36,K00275:54:HHHJTBBXX:8:1226:1681:34301,none,AACA-CGTC,IRR,+,+
chr1,41477767,43,124,124,22,K00275:54:HHHJTBBXX:8:1211:16173:37044,none,AGTG-GAGT,IRR,+,+
chr1,144854702,70,123,123,36,K00275:54:HHHJTBBXX:8:1202:31061:29923,none,AGTG-TGAA,IRR,-,-
chr1,153301748,42,123,123,22,K00275:54:HHHJTBBXX:8:1203:25205:20445,none,TGGC-GTAT,IRR,+,+
chr1,168818381,85,121,121,36,K00275:54:HHHJTBBXX:8:2119:30097:2228,none,GAAC-TTAC,IRR,-,-
chr1,169134101,97,121,121,41,K00275:54:HHHJTBBXX:8:2115:29975:39014,none,TGTT-TAGT,IRR,-,-
chr1,169912259,74,147,147,24,K00275:54:HHHJTBBXX:8:1125:21542:39805,none,GTAA-CTGC,IRR,-,-
chr1,169912259,74,148,148,24,K00275:54:HHHJTBBXX:8:1126:13433:13974,none,TGGT-CTGC,IRR,-,-
chr1,169912259,74,148,148,24,K00275:54:HHHJTBBXX:8:2118:29944:41071,none,CGGT-CTGC,IRR,-,-
chr2,3446287,62,121,121,28,K00275:54:HHHJTBBXX:8:2222:14032:21342,none,GTGT-TAGC,IRR,+,+
chr2,81596347,35,121,121,22,K00275:54:HHHJTBBXX:8:2201:17482:12937,none,TCGG-TGCC,IRR,-,-
chr2,81596347,35,121,121,22,K00275:54:HHHJTBBXX:8:2201:17563:13078,none,TCGG-TGCC,IRR,-,-
chr2,98496907,101,124,124,14,K00275:54:HHHJTBBXX:8:1211:8846:8945,none,TCAT-ATAG,IRR,+,+
chr2,112078747,27,64,64,22,K00275:54:HHHJTBBXX:8:1123:9841:41053,none,AGGT-GATG,IRR,+,+
chr3,19019235,92,120,120,41,K00275:54:HHHJTBBXX:8:1208:28036:10229,none,CTCC-GAGT,IRR,+,+
chr3,19019235,59,123,123,24,K00275:54:HHHJTBBXX:8:2108:8379:2932,none,CTCC-TAGC,IRR,+,+
chr3,39858360,38,123,123,22,K00275:54:HHHJTBBXX:8:1216:15503:19285,none,CCTG-GCCG,IRR,+,+
chr3,46083467,121,121,121,42,K00275:54:HHHJTBBXX:8:2220:2098:21096,none,AGAC-CCTT,IRR,-,-
chr3,92347718,64,123,123,24,K00275:54:HHHJTBBXX:8:1201:14834:35708,none,AGTG-GTAG,IRR,+,+
chr3,92347718,77,121,121,36,K00275:54:HHHJTBBXX:8:1225:8440:34969,none,AGTG-CAGA,IRR,+,+
chr3,92347718,74,124,124,36,K00275:54:HHHJTBBXX:8:2112:28432:18405,none,AGTG-CTCT,IRR,+,+
chr3,92347718,38,122,122,22,K00275:54:HHHJTBBXX:8:2126:25337:44025,none,AGTG-CCGT,IRR,+,+
chr3,108319092,92,120,120,41,K00275:54:HHHJTBBXX:8:1114:2209:35426,none,AAAG-GAGT,IRR,-,-
chr3,108319092,92,124,124,24,K00275:54:HHHJTBBXX:8:2126:24718:24560,last,AAAG-CGTA,IRR,-,-
chr3,142683919,46,123,123,22,K00275:54:HHHJTBBXX:8:1214:18030:10335,none,GCTT-GTAT,IRR,+,+
chr3,142683919,122,123,123,41,K00275:54:HHHJTBBXX:8:1219:10307:36095,none,GCTT-AGGG,IRR,+,+
chr3,158473200,92,123,123,17,K00275:54:HHHJTBBXX:8:2126:22556:1086,none,GAGA-CGTG,IRR,-,-
chr4,26981825,28,70,70,22,K00275:54:HHHJTBBXX:8:1101:24231:21817,none,GATC-TATC,IRR,-,-
chr4,33591813,87,147,147,24,K00275:54:HHHJTBBXX:8:1113:24505:11952,none,TTCC-AGTT,IRR,+,+
chr4,33591813,87,148,148,28,K00275:54:HHHJTBBXX:8:2211:24515:40174,none,AGCT-AGTT,IRR,+,+
chr4,54711792,30,148,148,22,K00275:54:HHHJTBBXX:8:2120:16336:38697,none,TGGA-AAAA,IRR,+,+
chr4,55012567,104,148,148,42,K00275:54:HHHJTBBXX:8:1204:1864:37044,none,CCCT-GATG,IRR,-,-
chr4,55012567,104,148,148,42,K00275:54:HHHJTBBXX:8:1204:1976:37132,none,CCCT-GATG,IRR,-,-
chr4,55012567,104,148,148,42,K00275:54:HHHJTBBXX:8:2204:23957:15258,none,ACCT-GATG,IRR,-,-
chr4,55012567,104,148,148,42,K00275:54:HHHJTBBXX:8:2204:24068:15276,none,ACCT-GATG,IRR,-,-
chr4,147013818,70,122,122,16,K00275:54:HHHJTBBXX:8:2119:7090:12023,none,GGCA-CAAG,IRR,+,+
chr5,10521923,72,122,122,28,K00275:54:HHHJTBBXX:8:1123:14072:5270,none,CTAA-TCTC,IRR,+,+
chr5,41204828,45,120,120,22,K00275:54:HHHJTBBXX:8:1105:16275:2967,none,GGAA-ATCT,IRR,-,-
chr5,45362242,107,120,120,42,K00275:54:HHHJTBBXX:8:1112:26342:45238,none,AGAG-GCGG,IRR,-,-
chr5,78073396,60,124,124,24,K00275:54:HHHJTBBXX:8:1217:29315:13886,none,TGGC-TAGC,IRR,-,-
chr5,83809222,73,123,123,28,K00275:54:HHHJTBBXX:8:1121:5051:41862,first,TACC-CTCT,IRR,-,-
chr5,83809232,80,148,148,24,K00275:54:HHHJTBBXX:8:1101:28483:33756,none,ATTT-CTGC,IRR,+,+
chr5,83809232,80,148,148,28,K00275:54:HHHJTBBXX:8:1101:25337:48280,none,ACCT-CTGC,IRR,+,+
chr5,83809232,80,147,147,24,K00275:54:HHHJTBBXX:8:1104:9333:18370,none,AGGT-CTGC,IRR,+,+
chr5,83809232,80,147,147,24,K00275:54:HHHJTBBXX:8:1104:18751:45414,none,CAGT-CTGC,IRR,+,+
chr5,83809232,80,148,148,24,K00275:54:HHHJTBBXX:8:1108:8369:16207,none,AATG-CTGC,IRR,+,+
chr5,83809232,80,148,148,24,K00275:54:HHHJTBBXX:8:1111:8775:21131,none,TTTT-CTGC,IRR,+,+
chr5,83809232,80,147,147,24,K00275:54:HHHJTBBXX:8:1108:8623:31277,none,ACGT-CTGC,IRR,+,+
chr5,83809232,80,147,147,24,K00275:54:HHHJTBBXX:8:1109:8826:18687,first,TAGT-CTGC,IRR,+,+
chr5,83809232,80,147,147,24,K00275:54:HHHJTBBXX:8:1109:8146:21553,first,TAGT-CTGC,IRR,+,+
chr5,83809232,80,147,147,24,K00275:54:HHHJTBBXX:8:1114:28219:3160,none,CGGT-CTGC,IRR,+,+
chr5,83809232,80,148,148,24,K00275:54:HHHJTBBXX:8:1116:29812:33598,none,TCTT-CTGC,IRR,+,+
chr5,83809232,80,147,147,24,K00275:54:HHHJTBBXX:8:1118:18588:3424,none,TGGT-CTGC,IRR,+,+
chr5,83809232,80,148,148,24,K00275:54:HHHJTBBXX:8:1120:6177:40367,first,TACG-CTGC,IRR,+,+
chr5,83809232,80,147,147,24,K00275:54:HHHJTBBXX:8:1123:20912:15856,none,ATGT-CTGC,IRR,+,+
chr5,83809232,80,147,147,24,K00275:54:HHHJTBBXX:8:1125:15798:33791,none,AAGT-CTGC,IRR,+,+
chr5,83809232,80,148,148,24,K00275:54:HHHJTBBXX:8:1127:14773:36939,none,GTTC-CTGC,IRR,+,+
chr5,83809232,80,148,148,24,K00275:54:HHHJTBBXX:8:1201:13433:25087,none,AGCT-CTGC,IRR,+,+
chr5,83809232,80,148,148,24,K00275:54:HHHJTBBXX:8:1205:23561:15838,none,GATC-CTGC,IRR,+,+
chr5,83809232,80,148,148,24,K00275:54:HHHJTBBXX:8:1207:8024:25246,none,TGTG-CTGC,IRR,+,+
chr5,83809232,80,148,148,24,K00275:54:HHHJTBBXX:8:1207:25246:5675,none,TCCT-CTGC,IRR,+,+
chr5,83809232,80,148,148,24,K00275:54:HHHJTBBXX:8:1207:24667:5798,none,TCCT-CTGC,IRR,+,+
chr5,83809232,80,148,148,24,K00275:54:HHHJTBBXX:8:1209:11870:48896,none,TGTT-CTGC,IRR,+,+
chr5,83809232,80,147,147,24,K00275:54:HHHJTBBXX:8:1212:14418:3758,none,CGGT-CTGC,IRR,+,+
chr5,83809232,80,148,148,24,K00275:54:HHHJTBBXX:8:1212:30573:38082,none,CGTG-CTGC,IRR,+,+
chr5,83809232,80,147,147,24,K00275:54:HHHJTBBXX:8:1213:21937:46786,none,TCGT-CTGC,IRR,+,+
chr5,83809232,80,147,147,24,K00275:54:HHHJTBBXX:8:1211:10876:30187,none,TGGT-CTGC,IRR,+,+
chr5,83809232,80,148,148,24,K00275:54:HHHJTBBXX:8:1214:12773:18142,none,CGTG-CTGC,IRR,+,+
chr5,83809232,80,148,148,24,K00275:54:HHHJTBBXX:8:1218:2777:10106,none,CGCC-CTGC,IRR,+,+
chr5,83809232,80,147,147,24,K00275:54:HHHJTBBXX:8:1222:17726:36675,none,TTGT-CTGC,IRR,+,+
chr5,83809232,80,147,147,24,K00275:54:HHHJTBBXX:8:1219:25855:10985,none,CAGT-CTGC,IRR,+,+
chr5,83809232,80,148,148,24,K00275:54:HHHJTBBXX:8:1219:14367:14080,none,GCTT-CTGC,IRR,+,+
chr5,83809232,80,148,148,24,K00275:54:HHHJTBBXX:8:1219:28047:20164,none,CGTG-CTGC,IRR,+,+
chr5,83809232,80,147,147,28,K00275:54:HHHJTBBXX:8:1225:30959:31400,none,AAGT-CTGC,IRR,+,+
chr5,83809232,80,148,148,24,K00275:54:HHHJTBBXX:8:1225:30665:33879,none,GTTC-CTGC,IRR,+,+
chr5,83809232,80,148,148,24,K00275:54:HHHJTBBXX:8:1227:19400:22626,none,ATTG-CTGC,IRR,+,+
chr5,83809232,80,147,147,24,K00275:54:HHHJTBBXX:8:1227:22536:23839,none,AGGT-CTGC,IRR,+,+
chr5,83809232,80,147,147,24,K00275:54:HHHJTBBXX:8:2108:7547:21324,none,CGGT-CTGC,IRR,+,+
chr5,83809232,80,147,147,24,K00275:54:HHHJTBBXX:8:2105:31609:13570,none,TCGT-CTGC,IRR,+,+
chr5,83809232,80,148,148,24,K00275:54:HHHJTBBXX:8:2109:7801:27320,none,ACCC-CTGC,IRR,+,+
chr5,83809232,80,148,148,24,K00275:54:HHHJTBBXX:8:2111:19563:26248,none,GACT-CTGC,IRR,+,+
chr5,83809232,80,147,147,24,K00275:54:HHHJTBBXX:8:2115:13047:19249,none,CTGT-CTGC,IRR,+,+
chr5,83809232,80,147,147,24,K00275:54:HHHJTBBXX:8:2117:7689:25650,none,CCGT-CTGC,IRR,+,+
chr5,83809232,80,148,148,24,K00275:54:HHHJTBBXX:8:2118:16894:23382,none,TTTG-CTGC,IRR,+,+
chr5,83809232,80,148,148,24,K00275:54:HHHJTBBXX:8:2118:28980:33633,none,AGCG-CTGC,IRR,+,+
chr5,83809232,80,147,147,24,K00275:54:HHHJTBBXX:8:2118:6197:47190,none,CAGT-CTGC,IRR,+,+
chr5,83809232,80,147,147,24,K00275:54:HHHJTBBXX:8:2121:18436:22362,none,CTGT-CTGC,IRR,+,+
chr5,83809232,80,147,147,24,K00275:54:HHHJTBBXX:8:2121:17198:30169,none,CTGT-CTGC,IRR,+,+
chr5,83809232,80,148,148,24,K00275:54:HHHJTBBXX:8:2122:5172:43972,none,GGTT-CTGC,IRR,+,+
chr5,83809232,80,147,147,24,K00275:54:HHHJTBBXX:8:2128:13930:12972,none,ATGT-CTGC,IRR,+,+
chr5,83809232,80,148,148,24,K00275:54:HHHJTBBXX:8:2202:12073:42284,none,TGTT-CTGC,IRR,+,+
chr5,83809232,80,148,148,24,K00275:54:HHHJTBBXX:8:2203:24505:18986,none,CGTG-CTGC,IRR,+,+
chr5,83809232,80,147,147,24,K00275:54:HHHJTBBXX:8:2203:15848:19425,none,AGGT-CTGC,IRR,+,+
chr5,83809232,80,148,148,24,K00275:54:HHHJTBBXX:8:2203:4249:47506,none,AATT-CTGC,IRR,+,+
chr5,83809232,80,147,147,24,K00275:54:HHHJTBBXX:8:2210:28787:14977,none,AGGT-CTGC,IRR,+,+
chr5,83809232,80,148,148,24,K00275:54:HHHJTBBXX:8:2210:10429:39084,none,GGTT-CTGC,IRR,+,+
chr5,83809232,80,148,148,24,K00275:54:HHHJTBBXX:8:2210:1976:46592,none,GCCG-CTGC,IRR,+,+
chr5,83809232,80,147,147,24,K00275:54:HHHJTBBXX:8:2213:25621:21623,none,CCGT-CTGC,IRR,+,+
chr5,83809232,80,147,147,24,K00275:54:HHHJTBBXX:8:2213:25986:22538,none,CCGT-CTGC,IRR,+,+
chr5,83809232,80,147,147,24,K00275:54:HHHJTBBXX:8:2213:24139:34811,none,AGGT-CTGC,IRR,+,+
chr5,83809232,80,147,147,24,K00275:54:HHHJTBBXX:8:2213:24129:34829,none,AGGT-CTGC,IRR,+,+
chr5,83809232,80,147,147,24,K00275:54:HHHJTBBXX:8:2213:23104:44834,none,TCGT-CTGC,IRR,+,+
chr5,83809232,80,147,147,24,K00275:54:HHHJTBBXX:8:2213:22668:44922,none,TCGT-CTGC,IRR,+,+
chr5,83809232,80,147,147,24,K00275:54:HHHJTBBXX:8:2213:22759:45432,none,TCGT-CTGC,IRR,+,+
chr5,83809232,80,148,148,24,K00275:54:HHHJTBBXX:8:2214:23338:2580,none,AGCT-CTGC,IRR,+,+
chr5,83809232,80,148,148,24,K00275:54:HHHJTBBXX:8:2217:4929:31910,none,ACTT-CTGC,IRR,+,+
chr5,83809232,80,148,148,24,K00275:54:HHHJTBBXX:8:2219:7243:13306,none,CTTG-CTGC,IRR,+,+
chr5,83809232,80,148,148,24,K00275:54:HHHJTBBXX:8:2223:18375:48597,none,CTTG-CTGC,IRR,+,+
chr5,83809232,80,148,148,24,K00275:54:HHHJTBBXX:8:2224:16508:2879,none,CTTG-CTGC,IRR,+,+
chr5,83809232,80,148,148,24,K00275:54:HHHJTBBXX:8:2226:11799:11425,none,TGCG-CTGC,IRR,+,+
chr5,83809232,80,148,148,24,K00275:54:HHHJTBBXX:8:2228:6644:12374,none,CGCC-CTGC,IRR,+,+
chr5,83809233,62,120,120,28,K00275:54:HHHJTBBXX:8:1108:15554:36605,first,TACC-GGGT,IRR,-,-
chr5,83809248,47,124,124,22,K00275:54:HHHJTBBXX:8:2109:30523:10880,first,TACC-ATGC,IRR,-,-
chr5,108070062,46,122,122,22,K00275:54:HHHJTBBXX:8:2206:27509:48456,none,ACCC-ATCT,IRR,-,-
chr6,47788799,121,121,121,42,K00275:54:HHHJTBBXX:8:1210:31639:29026,none,GTGT-CAAG,IRR,-,-
chr6,47788840,80,123,123,36,K00275:54:HHHJTBBXX:8:1117:6137:30028,none,GTGT-ACCA,IRR,-,-
chr6,47788891,29,122,122,22,K00275:54:HHHJTBBXX:8:1216:6938:41159,none,GTGT-CTGC,IRR,-,-
chr6,53233181,124,124,124,44,K00275:54:HHHJTBBXX:8:2128:24941:22977,none,CAGG-GGAA,IRR,-,-
chr6,53233182,123,123,123,44,K00275:54:HHHJTBBXX:8:2110:20283:16665,none,CAGG-AGGA,IRR,-,-
chr6,53233183,122,122,122,44,K00275:54:HHHJTBBXX:8:1217:10419:44095,none,CAGG-TAGG,IRR,-,-
chr6,53233184,121,121,121,44,K00275:54:HHHJTBBXX:8:1203:18944:27215,none,CAGG-CTAG,IRR,-,-
chr6,53233184,121,121,121,44,K00275:54:HHHJTBBXX:8:1206:19258:34160,none,CAGG-CTAG,IRR,-,-
chr6,53233191,114,122,122,42,K00275:54:HHHJTBBXX:8:2221:3975:1173,none,CAGG-TGAG,IRR,-,-
chr6,53233197,108,122,122,42,K00275:54:HHHJTBBXX:8:2207:13382:4356,none,CAGG-CGGA,IRR,-,-
chr6,53233203,102,123,123,24,K00275:54:HHHJTBBXX:8:1120:2625:29852,none,CAGG-CGAT,IRR,-,-
chr6,53233203,102,121,121,42,K00275:54:HHHJTBBXX:8:1126:9211:11266,none,CAGG-CCCT,IRR,-,-
chr6,53233203,102,123,123,41,K00275:54:HHHJTBBXX:8:1207:6867:41036,none,CAGG-CTAT,IRR,-,-
chr6,53233203,102,124,124,42,K00275:54:HHHJTBBXX:8:1206:6400:15645,last,CAGG-TATA,IRR,-,-
chr6,53233203,102,123,123,41,K00275:54:HHHJTBBXX:8:2220:10429:23153,none,CAGG-CTAT,IRR,-,-
chr6,53233205,100,124,124,42,K00275:54:HHHJTBBXX:8:1118:29833:33387,none,CAGG-AGTG,IRR,-,-
chr6,53233205,100,122,122,41,K00275:54:HHHJTBBXX:8:1203:31091:11337,none,CAGG-ATAG,IRR,-,-
chr6,53233205,100,121,121,42,K00275:54:HHHJTBBXX:8:1221:4148:39981,last,CAGG-TATA,IRR,-,-
chr6,53233206,99,121,121,41,K00275:54:HHHJTBBXX:8:2103:16955:43638,none,CAGG-TAGT,IRR,-,-
chr6,53233207,98,122,122,41,K00275:54:HHHJTBBXX:8:1104:24393:27584,none,CAGG-TAGT,IRR,-,-
chr6,53233207,98,122,122,41,K00275:54:HHHJTBBXX:8:1125:2980:46821,none,CAGG-TAGT,IRR,-,-
chr6,53233209,96,124,124,41,K00275:54:HHHJTBBXX:8:2201:30411:24366,none,CAGG-GTCG,IRR,-,-
chr6,53233210,95,124,124,41,K00275:54:HHHJTBBXX:8:2204:3457:28446,none,CAGG-AGTC,IRR,-,-
chr6,53233215,90,122,122,36,K00275:54:HHHJTBBXX:8:1206:6228:16612,last,CAGG-CGTA,IRR,-,-
chr6,53233215,90,121,121,41,K00275:54:HHHJTBBXX:8:1227:32015:40930,none,CAGG-TCGT,IRR,-,-
chr6,53233216,89,124,124,41,K00275:54:HHHJTBBXX:8:1124:11606:23821,none,CAGG-TTAC,IRR,-,-
chr6,53233218,87,121,121,36,K00275:54:HHHJTBBXX:8:1110:20222:2070,none,CAGG-TATT,IRR,-,-
chr6,53233218,87,124,124,41,K00275:54:HHHJTBBXX:8:1119:27742:10352,none,CAGG-TACA,IRR,-,-
chr6,53233218,87,123,123,36,K00275:54:HHHJTBBXX:8:1123:32512:10915,none,CAGG-TTAC,IRR,-,-
chr6,53233218,87,121,121,41,K00275:54:HHHJTBBXX:8:1211:25550:24700,none,CAGG-TATT,IRR,-,-
chr6,53233218,87,122,122,41,K00275:54:HHHJTBBXX:8:2206:26230:5798,last,CAGG-ATTA,IRR,-,-
chr6,53233220,85,123,123,36,K00275:54:HHHJTBBXX:8:1102:9039:33721,none,CAGG-ACCA,IRR,-,-
chr6,53233220,85,122,122,36,K00275:54:HHHJTBBXX:8:1113:24962:3670,none,CAGG-TACT,IRR,-,-
chr6,53233220,85,124,124,41,K00275:54:HHHJTBBXX:8:1202:20730:11706,none,CAGG-AGAC,IRR,-,-
chr6,53233220,85,124,124,36,K00275:54:HHHJTBBXX:8:1204:30360:17069,none,CAGG-CAGA,IRR,-,-
chr6,53233220,85,121,121,36,K00275:54:HHHJTBBXX:8:2201:16336:46364,none,CAGG-TTAC,IRR,-,-
chr6,53233220,85,122,122,36,K00275:54:HHHJTBBXX:8:2208:7710:23997,none,CAGG-ACGG,IRR,-,-
chr6,53233222,100,148,148,36,K00275:54:HHHJTBBXX:8:1111:18802:42583,none,CAGT-TCCG,IRR,+,+
chr6,53233222,100,148,148,36,K00275:54:HHHJTBBXX:8:1117:23825:19742,none,TGGT-TCCA,IRR,+,+
chr6,53233222,100,148,148,36,K00275:54:HHHJTBBXX:8:1125:24525:35022,none,CAGT-TCCA,IRR,+,+
chr6,53233222,100,148,148,36,K00275:54:HHHJTBBXX:8:1215:3559:24437,none,CGGT-TCCA,IRR,+,+
chr6,53233222,100,148,148,36,K00275:54:HHHJTBBXX:8:2113:30015:8418,none,AGGT-TCCA,IRR,+,+
chr6,53233222,100,148,148,36,K00275:54:HHHJTBBXX:8:2202:14215:29395,none,TGGT-TCCA,IRR,+,+
chr6,53233222,83,120,120,36,K00275:54:HHHJTBBXX:8:1127:25154:15574,none,CAGG-TACA,IRR,-,-
chr6,53233222,83,121,121,36,K00275:54:HHHJTBBXX:8:1227:30746:33844,none,CAGG-ACAG,IRR,-,-
chr6,53233223,82,124,124,36,K00275:54:HHHJTBBXX:8:2204:30462:33563,none,CAGG-GAAG,IRR,-,-
chr6,53233225,80,123,123,36,K00275:54:HHHJTBBXX:8:1109:12083:17966,none,CAGG-CCAA,IRR,-,-
chr6,53233226,96,148,148,36,K00275:54:HHHJTBBXX:8:2119:23419:7082,none,GGTT-CCGA,IRR,+,+
chr6,53233226,96,148,148,36,K00275:54:HHHJTBBXX:8:2207:9719:47313,none,GGCG-CCGA,IRR,+,+
chr6,53233230,75,123,123,36,K00275:54:HHHJTBBXX:8:1206:4624:5077,none,CAGG-GCAT,IRR,-,-
chr6,53233230,75,124,124,36,K00275:54:HHHJTBBXX:8:1220:22130:4251,none,CAGG-AAGT,IRR,-,-
chr6,53233231,74,122,122,36,K00275:54:HHHJTBBXX:8:1217:21440:14414,none,CAGG-TCTC,IRR,-,-
chr6,53233231,74,122,122,36,K00275:54:HHHJTBBXX:8:1217:21633:14467,none,CAGG-TCTC,IRR,-,-
chr6,53233231,74,122,122,36,K00275:54:HHHJTBBXX:8:2102:6197:30239,none,CAGG-CAAG,IRR,-,-
chr6,53233232,73,121,121,28,K00275:54:HHHJTBBXX:8:1121:27022:20885,none,CAGG-AGAC,IRR,-,-
chr6,53233232,73,124,124,28,K00275:54:HHHJTBBXX:8:2212:25114:38996,none,CAGG-CTCT,IRR,-,-
chr6,53233232,73,124,124,28,K00275:54:HHHJTBBXX:8:2212:24089:39049,none,CAGG-CTCT,IRR,-,-
chr6,53233234,71,120,120,28,K00275:54:HHHJTBBXX:8:1116:7446:33527,none,CAGG-CCAA,IRR,-,-
chr6,53233235,70,122,122,28,K00275:54:HHHJTBBXX:8:2110:8562:2861,none,CAGG-TGCT,IRR,-,-
chr6,53233236,69,121,121,28,K00275:54:HHHJTBBXX:8:1209:6258:10229,none,CAGG-TCTG,IRR,-,-
chr6,53233236,69,123,123,24,K00275:54:HHHJTBBXX:8:2203:28787:31013,last,CAGG-GCTA,IRR,-,-
chr6,53233240,65,122,122,24,K00275:54:HHHJTBBXX:8:2106:15432:5130,last,CAGG-GCTA,IRR,-,-
chr6,53233241,64,122,122,28,K00275:54:HHHJTBBXX:8:1116:25712:6730,none,CAGG-CTCT,IRR,-,-
chr6,53233242,80,147,147,28,K00275:54:HHHJTBBXX:8:1116:15229:37378,none,CCTC-CTGC,IRR,+,+
chr6,53233243,79,148,148,28,K00275:54:HHHJTBBXX:8:1105:29630:8945,none,CCTT-CTGC,IRR,+,+
chr6,53233243,79,148,148,28,K00275:54:HHHJTBBXX:8:1106:7019:43867,none,GATC-CTGC,IRR,+,+
chr6,53233243,79,147,147,28,K00275:54:HHHJTBBXX:8:1108:22019:36657,none,TTTG-CTGC,IRR,+,+
chr6,53233243,79,147,147,28,K00275:54:HHHJTBBXX:8:1113:32694:28182,none,NATG-CTGC,IRR,+,+
chr6,53233243,79,147,147,28,K00275:54:HHHJTBBXX:8:1113:32075:28833,none,AATG-CTGC,IRR,+,+
chr6,53233243,79,147,147,28,K00275:54:HHHJTBBXX:8:1114:9617:27197,first,TATC-CTGC,IRR,+,+
chr6,53233243,79,147,147,28,K00275:54:HHHJTBBXX:8:1114:21562:35479,none,GTTC-CTGC,IRR,+,+
chr6,53233243,79,148,148,28,K00275:54:HHHJTBBXX:8:1115:18558:5411,none,GGTT-CTGC,IRR,+,+
chr6,53233243,79,147,147,28,K00275:54:HHHJTBBXX:8:1115:6816:27760,none,GATT-CTGC,IRR,+,+
chr6,53233243,79,147,147,24,K00275:54:HHHJTBBXX:8:1117:7425:5218,none,GGTT-CTGC,IRR,+,+
chr6,53233243,79,147,147,28,K00275:54:HHHJTBBXX:8:1117:2920:43234,none,CGTC-CTGC,IRR,+,+
chr6,53233243,79,147,147,28,K00275:54:HHHJTBBXX:8:1120:18193:17755,none,ATCT-CTGC,IRR,+,+
chr6,53233243,79,147,147,28,K00275:54:HHHJTBBXX:8:1121:23561:30468,none,GGTG-CTGC,IRR,+,+
chr6,53233243,79,148,148,28,K00275:54:HHHJTBBXX:8:1122:10795:41264,none,GCTT-CTGC,IRR,+,+
chr6,53233243,79,147,147,28,K00275:54:HHHJTBBXX:8:1121:30705:48474,none,CATC-CTGC,IRR,+,+
chr6,53233243,79,147,147,28,K00275:54:HHHJTBBXX:8:1125:22932:34020,first,TATT-CTGC,IRR,+,+
chr6,53233243,79,147,147,28,K00275:54:HHHJTBBXX:8:1124:22901:31716,none,AGTT-CTGC,IRR,+,+
chr6,53233243,79,147,147,28,K00275:54:HHHJTBBXX:8:1126:23602:45203,none,AGTG-CTGC,IRR,+,+
chr6,53233243,79,148,148,28,K00275:54:HHHJTBBXX:8:1127:15544:16823,none,TTCC-CTGC,IRR,+,+
chr6,53233243,79,147,147,28,K00275:54:HHHJTBBXX:8:1125:20476:38627,first,TATT-CTGC,IRR,+,+
chr6,53233243,79,147,147,28,K00275:54:HHHJTBBXX:8:1126:23003:24296,none,ATTT-CTGC,IRR,+,+
chr6,53233243,79,148,148,28,K00275:54:HHHJTBBXX:8:1205:21704:32103,none,GTTG-CTGC,IRR,+,+
chr6,53233243,79,147,147,28,K00275:54:HHHJTBBXX:8:1207:17432:7644,none,AATC-CTGC,IRR,+,+
chr6,53233243,79,147,147,28,K00275:54:HHHJTBBXX:8:1208:27143:24331,none,TCTG-CTGC,IRR,+,+
chr6,53233243,79,148,148,28,K00275:54:HHHJTBBXX:8:1212:24322:27883,none,ATCG-CTGC,IRR,+,+
chr6,53233243,79,147,147,28,K00275:54:HHHJTBBXX:8:1214:13311:9789,first,TATG-CTGC,IRR,+,+
chr6,53233243,79,148,148,24,K00275:54:HHHJTBBXX:8:1216:4533:18951,none,TCTC-CTGC,IRR,+,+
chr6,53233243,79,147,147,28,K00275:54:HHHJTBBXX:8:1216:3041:3143,none,TCCT-CTGC,IRR,+,+
chr6,53233243,79,147,147,28,K00275:54:HHHJTBBXX:8:1216:3062:3143,none,TCCT-CTGC,IRR,+,+
chr6,53233243,79,148,148,28,K00275:54:HHHJTBBXX:8:1226:29244:26283,none,CGTT-CTGC,IRR,+,+
chr6,53233243,79,148,148,28,K00275:54:HHHJTBBXX:8:1223:30421:40561,none,GATT-CTGC,IRR,+,+
chr6,53233243,79,148,148,28,K00275:54:HHHJTBBXX:8:1223:29051:42653,none,GGCT-CTGC,IRR,+,+
chr6,53233243,79,147,147,28,K00275:54:HHHJTBBXX:8:2102:13798:2053,none,GTTG-CTGC,IRR,+,+
chr6,53233243,79,147,147,28,K00275:54:HHHJTBBXX:8:2104:16873:35409,none,TTTT-CTGC,IRR,+,+
chr6,53233243,79,147,147,24,K00275:54:HHHJTBBXX:8:1228:9211:17456,none,TGTG-CTGC,IRR,+,+
chr6,53233243,79,148,148,28,K00275:54:HHHJTBBXX:8:1228:32217:21869,none,ATTT-CTGC,IRR,+,+
chr6,53233243,79,147,147,28,K00275:54:HHHJTBBXX:8:2109:22008:35761,none,TTCG-CTGC,IRR,+,+
chr6,53233243,79,147,147,28,K00275:54:HHHJTBBXX:8:2113:20111:4901,first,TATT-CTGC,IRR,+,+
chr6,53233243,79,148,148,28,K00275:54:HHHJTBBXX:8:2113:3102:21113,none,TGTT-CTGC,IRR,+,+
chr6,53233243,79,147,147,28,K00275:54:HHHJTBBXX:8:2112:18284:17104,first,TATG-CTGC,IRR,+,+
chr6,53233243,79,147,147,28,K00275:54:HHHJTBBXX:8:2114:30391:27145,none,CGCG-CTGC,IRR,+,+
chr6,53233243,79,148,148,24,K00275:54:HHHJTBBXX:8:2115:23419:30011,none,GGCG-CTTC,IRR,+,+
chr6,53233243,79,147,147,28,K00275:54:HHHJTBBXX:8:2115:2828:34846,none,CTTC-CTGC,IRR,+,+
chr6,53233243,77,148,148,28,K00275:54:HHHJTBBXX:8:2116:16731:40121,none,GTCT-CTGC,IRR,+,+
chr6,53233243,79,148,148,28,K00275:54:HHHJTBBXX:8:2117:31913:7732,none,AGCT-CTGC,IRR,+,+
chr6,53233243,79,147,147,28,K00275:54:HHHJTBBXX:8:2117:25743:36956,none,AGCT-CTGC,IRR,+,+
chr6,53233243,79,148,148,28,K00275:54:HHHJTBBXX:8:2118:10683:3442,none,CCTT-CTGC,IRR,+,+
chr6,53233243,79,147,147,28,K00275:54:HHHJTBBXX:8:2120:2392:23821,first,TATC-CTGC,IRR,+,+
chr6,53233243,79,148,148,28,K00275:54:HHHJTBBXX:8:2127:15950:12990,none,TTCC-CTGC,IRR,+,+
chr6,53233243,79,148,148,24,K00275:54:HHHJTBBXX:8:2202:23571:32209,none,GTTC-CTGC,IRR,+,+
chr6,53233243,79,147,147,28,K00275:54:HHHJTBBXX:8:2204:21907:36464,none,GATG-CTGC,IRR,+,+
chr6,53233243,79,147,147,28,K00275:54:HHHJTBBXX:8:2205:16122:36921,none,GTTG-CTGC,IRR,+,+
chr6,53233243,79,148,148,28,K00275:54:HHHJTBBXX:8:2126:7760:3582,none,AACC-CTGC,IRR,+,+
chr6,53233243,79,147,147,28,K00275:54:HHHJTBBXX:8:2210:28483:20885,none,GGTG-CTGC,IRR,+,+
chr6,53233243,79,148,148,28,K00275:54:HHHJTBBXX:8:2217:21907:7345,none,GGTT-CTGC,IRR,+,+
chr6,53233243,79,148,148,28,K00275:54:HHHJTBBXX:8:2218:16752:28727,none,GCCG-CTGC,IRR,+,+
chr6,53233243,79,147,147,28,K00275:54:HHHJTBBXX:8:2220:19918:4778,none,GCTT-CTGC,IRR,+,+
chr6,53233243,79,147,147,28,K00275:54:HHHJTBBXX:8:2225:4564:16823,none,TCCT-CTGC,IRR,+,+
chr6,53233243,79,148,148,28,K00275:54:HHHJTBBXX:8:2225:8988:19003,none,TGTT-CTGC,IRR,+,+
chr6,53233243,79,147,147,28,K00275:54:HHHJTBBXX:8:2226:28260:41387,none,ACTG-CTGC,IRR,+,+
chr6,53233243,79,148,148,28,K00275:54:HHHJTBBXX:8:2228:31954:43779,none,GATT-CTGC,IRR,+,+
chr6,53233244,61,122,122,24,K00275:54:HHHJTBBXX:8:1116:27803:29167,none,CAGG-CCGT,IRR,-,-
chr6,53233244,61,121,121,28,K00275:54:HHHJTBBXX:8:2207:13017:31787,none,CAGG-AGCA,IRR,-,-
chr6,53233252,53,120,120,24,K00275:54:HHHJTBBXX:8:1119:15300:29061,none,CAGG-ATGC,IRR,-,-
chr6,53233252,53,123,123,22,K00275:54:HHHJTBBXX:8:2204:22181:32859,none,CAGG-CAGT,IRR,-,-
chr6,53233254,51,120,120,24,K00275:54:HHHJTBBXX:8:1119:10602:2281,last,CAGG-AGTA,IRR,-,-
chr6,53233254,51,124,124,22,K00275:54:HHHJTBBXX:8:2218:24373:31101,none,CAGG-ATCT,IRR,-,-
chr6,53233255,50,124,124,22,K00275:54:HHHJTBBXX:8:2205:16589:1824,none,CAGG-TATC,IRR,-,-
chr6,53233256,49,123,123,22,K00275:54:HHHJTBBXX:8:1213:28899:44500,none,CAGG-ATGC,IRR,-,-
chr6,53233257,48,123,123,22,K00275:54:HHHJTBBXX:8:1224:16975:16876,none,CAGG-CTCG,IRR,-,-
chr6,53233259,46,120,120,22,K00275:54:HHHJTBBXX:8:2111:25702:17333,none,CAGG-AAAA,IRR,-,-
chr6,53233260,45,120,120,22,K00275:54:HHHJTBBXX:8:1108:18619:18986,none,CAGG-TCGT,IRR,-,-
chr6,53233260,45,124,124,22,K00275:54:HHHJTBBXX:8:1224:16366:5939,none,CAGG-GTAT,IRR,-,-
chr6,53233262,43,121,121,22,K00275:54:HHHJTBBXX:8:1101:15077:44675,last,CAGG-AGTA,IRR,-,-
chr6,53233262,43,124,124,22,K00275:54:HHHJTBBXX:8:1102:11393:16559,none,CAGG-GCCG,IRR,-,-
chr6,53233262,43,123,123,22,K00275:54:HHHJTBBXX:8:1204:32207:10071,last,CAGG-CGTA,IRR,-,-
chr6,53233262,43,120,120,22,K00275:54:HHHJTBBXX:8:2222:20659:22028,none,CAGG-GTAT,IRR,-,-
chr6,53233263,42,120,120,22,K00275:54:HHHJTBBXX:8:2103:14245:36270,last,CAGG-CGTA,IRR,-,-
chr6,53233263,42,123,123,22,K00275:54:HHHJTBBXX:8:2228:4827:1244,none,CAGG-TGCC,IRR,-,-
chr6,53233265,40,120,120,22,K00275:54:HHHJTBBXX:8:2214:2158:2809,none,CAGG-ATGC,IRR,-,-
chr6,53233266,39,121,121,22,K00275:54:HHHJTBBXX:8:2110:12378:39893,none,CAGG-GTAT,IRR,-,-
chr6,53233267,38,123,123,22,K00275:54:HHHJTBBXX:8:1225:25276:35514,none,CAGG-TGCC,IRR,-,-
chr6,53233267,38,124,124,22,K00275:54:HHHJTBBXX:8:2220:25175:45854,none,CAGG-GTCT,IRR,-,-
chr6,53233267,38,124,124,22,K00275:54:HHHJTBBXX:8:2225:5812:47014,none,CAGG-GTAT,IRR,-,-
chr6,53233272,33,120,120,22,K00275:54:HHHJTBBXX:8:1109:15077:41299,none,CAGG-TCTT,IRR,-,-
chr6,53233272,33,121,121,22,K00275:54:HHHJTBBXX:8:1207:8501:8383,none,CAGG-CCGT,IRR,-,-
chr6,53233274,31,120,120,22,K00275:54:HHHJTBBXX:8:1109:3123:38486,none,CAGG-GTCT,IRR,-,-
chr6,53233274,31,122,122,22,K00275:54:HHHJTBBXX:8:1125:31375:38275,none,CAGG-TTCT,IRR,-,-
chr6,53233276,29,68,68,22,K00275:54:HHHJTBBXX:8:2111:32563:9315,none,AGCT-CCTG,IRR,+,+
chr6,53233276,29,124,124,22,K00275:54:HHHJTBBXX:8:1208:17432:40491,none,CAGG-CTGC,IRR,-,-
chr6,53233278,27,63,63,22,K00275:54:HHHJTBBXX:8:1121:26220:24454,none,GTAA-CCTG,IRR,+,+
chr6,53233278,27,67,67,22,K00275:54:HHHJTBBXX:8:2209:17645:31505,none,GCTG-CCTG,IRR,+,+
chr6,53233285,37,124,124,22,K00275:54:HHHJTBBXX:8:1210:27174:21324,none,AGTG-AAAA,IRR,+,+
chr6,53233288,34,121,121,22,K00275:54:HHHJTBBXX:8:1126:12834:31892,none,AGTG-AAAA,IRR,+,+
chr6,86910668,108,148,148,42,K00275:54:HHHJTBBXX:8:1110:21379:2492,none,CTCC-ACAA,IRR,+,+
chr6,86910668,108,148,148,42,K00275:54:HHHJTBBXX:8:1111:2270:46997,none,TGCT-ACAA,IRR,+,+
chr6,86910668,108,148,148,42,K00275:54:HHHJTBBXX:8:1116:8927:17667,none,GATG-ACAA,IRR,+,+
chr6,86910668,108,148,148,42,K00275:54:HHHJTBBXX:8:1116:8582:17702,none,GATG-ACAA,IRR,+,+
chr6,86910668,108,148,148,42,K00275:54:HHHJTBBXX:8:1116:28635:37572,none,TCCG-ACAA,IRR,+,+
chr6,86910668,108,148,148,42,K00275:54:HHHJTBBXX:8:1116:28980:38943,none,TCCG-ACAA,IRR,+,+
chr6,86910668,108,148,148,42,K00275:54:HHHJTBBXX:8:1116:3133:47928,none,TGTG-ACAA,IRR,+,+
chr6,86910668,108,148,148,42,K00275:54:HHHJTBBXX:8:1118:3102:30960,none,CTCT-ACAA,IRR,+,+
chr6,86910668,108,148,148,42,K00275:54:HHHJTBBXX:8:1117:22719:43568,none,TCTT-ACAA,IRR,+,+
chr6,86910668,108,148,148,42,K00275:54:HHHJTBBXX:8:1124:2727:36605,none,CCTT-ACAA,IRR,+,+
chr6,86910668,108,148,148,42,K00275:54:HHHJTBBXX:8:1219:13027:16823,none,TTTT-ACAA,IRR,+,+
chr6,86910668,108,148,148,42,K00275:54:HHHJTBBXX:8:2103:12094:26177,none,CATC-ACAA,IRR,+,+
chr6,86910668,108,148,148,41,K00275:54:HHHJTBBXX:8:2104:16914:28024,none,ATTG-ACAA,IRR,+,+
chr6,86910668,108,148,148,42,K00275:54:HHHJTBBXX:8:1228:26453:10370,none,ACTC-ACAA,IRR,+,+
chr6,86910668,108,148,148,42,K00275:54:HHHJTBBXX:8:1228:26859:10370,none,ACTC-ACAA,IRR,+,+
chr6,86910668,108,148,148,42,K00275:54:HHHJTBBXX:8:2105:19867:20515,none,TTTT-ACAA,IRR,+,+
chr6,86910668,108,148,148,42,K00275:54:HHHJTBBXX:8:2110:21613:3705,none,CTCC-ACAA,IRR,+,+
chr6,86910668,108,148,148,42,K00275:54:HHHJTBBXX:8:2111:14164:29061,none,TTTG-ACAA,IRR,+,+
chr6,86910668,108,148,148,42,K00275:54:HHHJTBBXX:8:2111:14164:29167,none,TTTG-ACAA,IRR,+,+
chr6,86910668,108,148,148,42,K00275:54:HHHJTBBXX:8:2123:19015:18124,none,AGTT-ACAA,IRR,+,+
chr6,86910668,108,148,148,42,K00275:54:HHHJTBBXX:8:2126:31375:19425,none,CTTT-ACAA,IRR,+,+
chr6,86910668,108,148,148,42,K00275:54:HHHJTBBXX:8:2208:24556:20164,first,TATG-ACAA,IRR,+,+
chr6,86910668,108,148,148,42,K00275:54:HHHJTBBXX:8:2221:11891:2967,none,GACT-ACAA,IRR,+,+
chr6,86910791,123,123,123,38,K00275:54:HHHJTBBXX:8:2203:27346:30521,none,CCAC-CCCT,IRR,-,-
chr6,86910794,120,120,120,42,K00275:54:HHHJTBBXX:8:2117:26575:38574,none,CCAC-CGAC,IRR,-,-
chr6,86910809,105,123,123,42,K00275:54:HHHJTBBXX:8:1105:25033:31681,none,CCAC-GCCC,IRR,-,-
chr6,86910827,105,124,124,41,K00275:54:HHHJTBBXX:8:1122:5274:8172,none,CCAC-ACAT,IRR,+,+
chr6,86910831,83,120,120,36,K00275:54:HHHJTBBXX:8:1120:4158:30820,none,CCAC-TACC,IRR,-,-
chr6,86910835,79,121,121,36,K00275:54:HHHJTBBXX:8:2114:24951:2703,none,CCAC-TGAA,IRR,-,-
chr6,86910839,75,121,121,36,K00275:54:HHHJTBBXX:8:1217:24444:23839,last,CCAC-CGTA,IRR,-,-
chr6,86910840,74,123,123,36,K00275:54:HHHJTBBXX:8:1209:13494:29483,none,CCAC-AAGT,IRR,-,-
chr6,86910840,74,121,121,36,K00275:54:HHHJTBBXX:8:2119:26545:31242,none,CCAC-GTCT,IRR,-,-
chr6,86910840,74,122,122,36,K00275:54:HHHJTBBXX:8:2220:4807:19918,none,CCAC-CAAG,IRR,-,-
chr6,86910842,72,124,124,28,K00275:54:HHHJTBBXX:8:1204:24921:13799,none,CCAC-TGCT,IRR,-,-
chr6,86910842,72,123,123,28,K00275:54:HHHJTBBXX:8:1206:30594:33299,none,CCAC-TCTG,IRR,-,-
chr6,86910842,72,123,123,28,K00275:54:HHHJTBBXX:8:2117:9435:37959,none,CCAC-CTCT,IRR,-,-
chr6,86910842,72,123,123,28,K00275:54:HHHJTBBXX:8:2117:9201:39699,none,CCAC-CTCT,IRR,-,-
chr6,86910842,72,123,123,28,K00275:54:HHHJTBBXX:8:2219:24728:17649,none,CCAC-CTGC,IRR,-,-
chr6,86910845,84,148,148,28,K00275:54:HHHJTBBXX:8:2228:20101:32068,none,GTAA-CTGC,IRR,+,+
chr6,86910845,69,124,124,28,K00275:54:HHHJTBBXX:8:1204:12124:13218,none,CCAC-CTGC,IRR,-,-
chr6,86910849,65,121,121,28,K00275:54:HHHJTBBXX:8:2108:29396:46627,none,CCAC-CCGT,IRR,-,-
chr6,86910853,61,124,124,24,K00275:54:HHHJTBBXX:8:2214:27032:12673,none,CCAC-CATG,IRR,-,-
chr6,86910856,58,121,121,24,K00275:54:HHHJTBBXX:8:1222:18182:24454,none,CCAC-GTAG,IRR,-,-
chr6,86910858,56,121,121,24,K00275:54:HHHJTBBXX:8:1122:11485:45027,none,CCAC-ACCG,IRR,-,-
chr6,86910858,56,121,121,24,K00275:54:HHHJTBBXX:8:1204:6066:46575,none,CCAC-ATGC,IRR,-,-
chr6,86910860,54,122,122,24,K00275:54:HHHJTBBXX:8:2211:22079:42108,none,CCAC-CAGT,IRR,-,-
chr6,86910861,53,121,121,24,K00275:54:HHHJTBBXX:8:1110:22810:1947,none,CCAC-CAGT,IRR,-,-
chr6,86910862,52,124,124,22,K00275:54:HHHJTBBXX:8:2225:12875:39805,none,CCAC-CATG,IRR,-,-
chr6,86910863,51,123,123,22,K00275:54:HHHJTBBXX:8:2216:5741:42495,none,CCAC-CAGT,IRR,-,-
chr6,86910863,51,120,120,22,K00275:54:HHHJTBBXX:8:2218:19268:18318,none,CCAC-CATG,IRR,-,-
chr6,86910867,47,121,121,22,K00275:54:HHHJTBBXX:8:1213:20415:32297,none,CCAC-TCGT,IRR,-,-
chr6,86910867,47,123,123,22,K00275:54:HHHJTBBXX:8:2228:13809:30485,none,CCAC-TATC,IRR,-,-
chr6,86910867,47,123,123,22,K00275:54:HHHJTBBXX:8:2228:13920:30890,none,CCAC-TATC,IRR,-,-
chr6,86910868,46,124,124,22,K00275:54:HHHJTBBXX:8:1222:26575:37589,none,CCAC-GTAT,IRR,-,-
chr6,86910869,45,124,124,22,K00275:54:HHHJTBBXX:8:2127:14976:23470,none,CCAC-CCAG,IRR,-,-
chr6,86910870,59,122,122,28,K00275:54:HHHJTBBXX:8:1120:17310:36024,none,CCAG-CTTC,IRR,+,+
chr6,86910874,40,121,121,22,K00275:54:HHHJTBBXX:8:1124:18010:41845,none,CCAC-TCGT,IRR,-,-
chr6,86910875,54,123,123,24,K00275:54:HHHJTBBXX:8:2220:13382:13359,none,CCAC-TTCT,IRR,+,+
chr6,86910879,35,124,124,22,K00275:54:HHHJTBBXX:8:2107:10105:40139,none,CCAC-TGCT,IRR,-,-
chr6,86910884,30,123,123,22,K00275:54:HHHJTBBXX:8:2212:27042:42196,none,CCAC-TTCT,IRR,-,-
chr6,86910884,30,124,124,22,K00275:54:HHHJTBBXX:8:2216:7364:4233,none,CCAC-TGAA,IRR,-,-
chr6,133573821,87,121,121,18,K00275:54:HHHJTBBXX:8:2220:19624:22731,none,CCTC-TTAC,IRR,+,+
chr6,133744646,122,122,122,21,K00275:54:HHHJTBBXX:8:2207:5710:11179,none,CCTC-ACAA,IRR,-,-
chr6,133744646,122,122,122,21,K00275:54:HHHJTBBXX:8:2207:5589:11565,none,CCTC-ACAA,IRR,-,-
chr7,44024046,53,124,124,24,K00275:54:HHHJTBBXX:8:2101:30756:45713,none,CCGG-TATC,IRR,-,-
chr7,44024046,53,120,120,24,K00275:54:HHHJTBBXX:8:2103:23622:16155,none,CCGG-AGCA,IRR,-,-
chr7,71403187,98,123,123,41,K00275:54:HHHJTBBXX:8:1225:18233:30767,none,ATAC-GTGA,IRR,+,+
chr7,77597591,123,123,123,44,K00275:54:HHHJTBBXX:8:1214:1996:9209,none,ATAG-CTAT,IRR,+,+
chr7,80883607,56,122,122,24,K00275:54:HHHJTBBXX:8:1103:22942:11847,none,CAAG-ATGC,IRR,-,-
chr8,35733441,58,120,120,24,K00275:54:HHHJTBBXX:8:1205:24068:7504,none,GAGT-CCGT,IRR,-,-
chr8,48153109,33,123,123,22,K00275:54:HHHJTBBXX:8:1223:13058:4637,none,ATTT-GTCT,IRR,+,+
chr8,112922313,58,123,123,24,K00275:54:HHHJTBBXX:8:1227:19603:31523,none,ATAT-TGCC,IRR,-,-
chr9,25316315,99,148,148,18,K00275:54:HHHJTBBXX:8:2203:18467:15627,none,GTAA-CCGG,IRR,-,-
chr9,48174652,69,124,124,28,K00275:54:HHHJTBBXX:8:1214:2199:33088,none,CGGA-CTCT,IRR,+,+
chr9,48174652,69,123,123,28,K00275:54:HHHJTBBXX:8:2219:13880:16577,none,CGGA-TCTC,IRR,+,+
chr9,64649828,75,121,121,36,K00275:54:HHHJTBBXX:8:2111:17421:19795,none,CCAG-AGGA,IRR,+,+
chr10,53497417,123,123,123,42,K00275:54:HHHJTBBXX:8:2112:7476:14695,none,AAGC-GAAA,IRR,+,+
chr10,60194313,63,122,122,24,K00275:54:HHHJTBBXX:8:2216:14062:45449,none,AATG-CTAC,IRR,+,+
chr10,81878019,124,124,124,38,K00275:54:HHHJTBBXX:8:1227:13717:3670,none,AACA-ATGA,IRR,+,+
chr11,7444807,81,124,124,36,K00275:54:HHHJTBBXX:8:1120:28858:31875,none,ACTC-AGAC,IRR,+,+
chr11,16807119,32,122,122,22,K00275:54:HHHJTBBXX:8:2214:2443:19759,none,CTGA-GCCG,IRR,-,-
chr11,25305664,42,123,123,22,K00275:54:HHHJTBBXX:8:2107:2696:17632,first,TAAA-ATGC,IRR,-,-
chr12,10024332,87,122,122,41,K00275:54:HHHJTBBXX:8:2225:6096:40649,last,GATA-ATTA,IRR,-,-
chr13,18756048,122,122,122,44,K00275:54:HHHJTBBXX:8:1217:25327:21465,none,CTTT-TAAA,IRR,+,+
chr13,31114089,57,122,122,28,K00275:54:HHHJTBBXX:8:2104:8329:6150,none,ACTT-CCGT,IRR,+,+
chr13,49873171,65,120,120,19,K00275:54:HHHJTBBXX:8:2115:30066:2492,last,GTTC-GCTA,IRR,+,+
chr13,64446086,68,147,147,24,K00275:54:HHHJTBBXX:8:1220:8623:18898,none,GTCT-CTGC,IRR,+,+
chr13,64446086,68,147,147,24,K00275:54:HHHJTBBXX:8:2215:15108:45572,none,ATTC-CTGC,IRR,+,+
chr13,64446116,28,73,73,22,K00275:54:HHHJTBBXX:8:2121:13504:36112,none,AGTT-ACTG,IRR,+,+
chr13,64446116,28,73,73,22,K00275:54:HHHJTBBXX:8:2121:12652:36147,none,AGTT-ACTG,IRR,+,+
chr13,87102317,122,122,122,44,K00275:54:HHHJTBBXX:8:1122:12773:8893,none,TGAT-AGAA,IRR,-,-
chr13,94567355,27,65,65,22,K00275:54:HHHJTBBXX:8:1119:16731:44517,none,CCGT-TTTG,IRR,+,+
chr14,20551754,79,148,148,24,K00275:54:HHHJTBBXX:8:1203:4594:9842,none,TGCG-CTGC,IRR,-,-
chr14,20551754,79,147,147,24,K00275:54:HHHJTBBXX:8:2121:2108:8348,none,GTTT-CTGC,IRR,-,-
chr14,38876066,95,122,122,41,K00275:54:HHHJTBBXX:8:2110:19542:34512,first,TAAT-TGAG,IRR,+,+
chr14,84996753,85,120,120,25,K00275:54:HHHJTBBXX:8:1102:21582:34530,last,AGCA-ATTA,IRR,-,-
chr14,103739804,73,123,123,28,K00275:54:HHHJTBBXX:8:1101:17888:43005,none,CAAG-TCTC,IRR,+,+
chr14,119557458,122,122,122,44,K00275:54:HHHJTBBXX:8:2125:28128:42706,none,AAAT-GAGA,IRR,-,-
chr14,123606050,105,123,123,42,K00275:54:HHHJTBBXX:8:1219:32441:44623,none,CTTC-CCCT,IRR,+,+
chr15,45636069,124,124,124,44,K00275:54:HHHJTBBXX:8:2118:24342:37202,first,TACA-AATA,IRR,-,-
chr16,6933276,121,121,121,44,K00275:54:HHHJTBBXX:8:2211:24972:45643,none,TCCA-GTAC,IRR,-,-
chr16,21614216,101,124,124,41,K00275:54:HHHJTBBXX:8:1208:19938:19865,none,GATT-ATAG,IRR,-,-
chr16,21614284,33,125,125,22,K00275:54:HHHJTBBXX:8:1106:22232:9244,none,GATT-TGAA,IRR,-,-
chr16,31764852,53,124,124,24,K00275:54:HHHJTBBXX:8:1122:6725:48597,none,ATTT-CCAG,IRR,-,-
chr16,46872959,104,120,120,42,K00275:54:HHHJTBBXX:8:1208:13098:8295,none,CCAA-GAGC,IRR,-,-
chr16,62473614,64,120,120,28,K00275:54:HHHJTBBXX:8:2220:26240:20340,none,GAGT-CTAC,IRR,-,-
chr16,62473618,60,121,121,24,K00275:54:HHHJTBBXX:8:1210:6867:37484,none,GAGT-GTAG,IRR,-,-
chr16,62473627,51,121,121,22,K00275:54:HHHJTBBXX:8:1123:18162:45062,none,GAGT-CAGT,IRR,-,-
chr16,62473642,36,121,121,22,K00275:54:HHHJTBBXX:8:1222:18842:38433,none,GAGT-CCGT,IRR,-,-
chr17,65906016,121,121,121,44,K00275:54:HHHJTBBXX:8:1112:15432:25597,none,GATT-TTCC,IRR,-,-
chr17,65906075,59,120,120,24,K00275:54:HHHJTBBXX:8:2227:31680:35391,none,GACT-GTAG,IRR,-,-
chr17,65906089,48,123,123,22,K00275:54:HHHJTBBXX:8:1226:17066:9192,none,GATT-TCGT,IRR,-,-
chr17,65906105,32,121,121,22,K00275:54:HHHJTBBXX:8:1116:32329:31101,none,GATT-CTTC,IRR,-,-
chr18,70501609,73,122,122,28,K00275:54:HHHJTBBXX:8:1108:8460:22555,none,GGGC-AGTC,IRR,+,+
chr18,70501609,38,122,122,22,K00275:54:HHHJTBBXX:8:1126:30218:16928,none,GGGC-GTCT,IRR,+,+
chr18,70501609,41,121,121,22,K00275:54:HHHJTBBXX:8:1224:8339:37009,last,GGGC-CGTA,IRR,+,+
chr18,70501609,46,123,123,22,K00275:54:HHHJTBBXX:8:2214:22333:31646,none,GGGC-GTAT,IRR,+,+
chr19,17668803,85,124,124,36,K00275:54:HHHJTBBXX:8:1225:11454:17087,none,TTCA-AAAG,IRR,-,-
chr19,29614912,91,148,148,36,K00275:54:HHHJTBBXX:8:1102:19471:22432,none,ATGT-CCGG,IRR,-,-
chr19,29614912,91,148,148,36,K00275:54:HHHJTBBXX:8:1102:19045:31646,none,ATGT-CCGG,IRR,-,-
chr19,29614912,91,148,148,36,K00275:54:HHHJTBBXX:8:1112:13210:20058,none,CAGT-CCGG,IRR,-,-
chr19,29614912,91,148,148,28,K00275:54:HHHJTBBXX:8:1115:6137:17016,none,CGGT-CCTG,IRR,-,-
chr19,29614912,91,148,148,36,K00275:54:HHHJTBBXX:8:1115:21288:42671,none,TGGT-CCGA,IRR,-,-
chr19,29614912,91,148,148,36,K00275:54:HHHJTBBXX:8:1116:20699:44851,first,TAGT-CCGG,IRR,-,-
chr19,29614912,91,148,148,36,K00275:54:HHHJTBBXX:8:1127:16295:15416,none,CCGT-CCGA,IRR,-,-
chr19,29614912,91,148,148,36,K00275:54:HHHJTBBXX:8:1203:31426:7169,none,CTGT-CCGG,IRR,-,-
chr19,29614912,91,148,148,36,K00275:54:HHHJTBBXX:8:1203:30239:7328,none,CTGT-CCGG,IRR,-,-
chr19,29614912,91,148,148,36,K00275:54:HHHJTBBXX:8:1206:23389:38046,none,CAGT-CCGG,IRR,-,-
chr19,29614912,91,148,148,36,K00275:54:HHHJTBBXX:8:1206:23409:39066,none,CAGT-CCGG,IRR,-,-
chr19,29614912,91,148,148,28,K00275:54:HHHJTBBXX:8:1209:31568:27742,none,CCGT-CCGG,IRR,-,-
chr19,29614912,91,148,148,36,K00275:54:HHHJTBBXX:8:1209:30969:38170,none,CTGT-CCGA,IRR,-,-
chr19,29614912,91,148,148,36,K00275:54:HHHJTBBXX:8:1221:4036:24630,none,CTGT-CCGG,IRR,-,-
chr19,29614912,91,148,148,36,K00275:54:HHHJTBBXX:8:2107:9638:7433,none,CAGT-CCGA,IRR,-,-
chr19,29614912,91,148,148,36,K00275:54:HHHJTBBXX:8:2105:25956:39400,first,TAGT-CCGG,IRR,-,-
chr19,29614912,91,148,148,36,K00275:54:HHHJTBBXX:8:2109:26098:28287,none,CTGT-CCGG,IRR,-,-
chr19,29614912,91,148,148,36,K00275:54:HHHJTBBXX:8:2113:10165:11688,none,ATGT-CCGG,IRR,-,-
chr19,29614912,91,148,148,36,K00275:54:HHHJTBBXX:8:2114:23957:38785,none,CAGT-CCGA,IRR,-,-
chr19,29614912,91,148,148,36,K00275:54:HHHJTBBXX:8:2114:23236:38943,none,CAGT-CCGA,IRR,-,-
chr19,29614912,91,148,148,36,K00275:54:HHHJTBBXX:8:2207:13677:27865,none,CAGT-CCGA,IRR,-,-
chr19,29614912,91,148,148,36,K00275:54:HHHJTBBXX:8:2219:11617:6607,none,TTGT-CCGA,IRR,-,-
chr19,29614912,91,148,148,36,K00275:54:HHHJTBBXX:8:2224:27702:13060,none,ATGT-CCGA,IRR,-,-
chr19,32636552,53,120,120,24,K00275:54:HHHJTBBXX:8:1123:4300:9930,none,ATCT-CGTG,IRR,+,+
chr19,35696282,121,121,121,18,K00275:54:HHHJTBBXX:8:1208:26169:12339,first,TAAG-AAGA,IRR,+,+
chrX,18488703,69,123,123,28,K00275:54:HHHJTBBXX:8:1228:1824:11513,none,GAGG-TGCT,IRR,+,+
chrX,65506757,70,124,124,24,K00275:54:HHHJTBBXX:8:1209:22698:35972,none,ATCC-TACC,IRR,+,+
