chr,pos,ref length,query length,read length,mapping quality,read name,strand,tpn promoter orient,seq library
chr2,30817079,58,62,62,44,K00275:54:HHHJTBBXX:8:2204:13880:3002,-,+,IRL
chr2,98497187,112,146,146,1,K00275:54:HHHJTBBXX:8:2105:24779:5816,-,+,IRL
chr2,98497424,71,148,148,2,K00275:54:HHHJTBBXX:8:1104:10470:24911,-,+,IRL
chr2,98497424,65,148,148,2,K00275:54:HHHJTBBXX:8:1206:14661:45783,-,+,IRL
chr2,98497424,66,148,148,2,K00275:54:HHHJTBBXX:8:1224:6289:38170,-,+,IRL
chr2,98497424,73,148,148,2,K00275:54:HHHJTBBXX:8:2113:30817:47858,-,+,IRL
chr2,98497424,40,146,146,0,K00275:54:HHHJTBBXX:8:2128:32471:5218,-,+,IRL
chr2,98497424,68,148,148,2,K00275:54:HHHJTBBXX:8:2205:15219:34477,-,+,IRL
chr2,98497424,66,148,148,2,K00275:54:HHHJTBBXX:8:2224:5812:42267,-,+,IRL
chr2,98497444,113,148,148,11,K00275:54:HHHJTBBXX:8:2221:19745:11794,-,+,IRL
chr2,98497444,113,148,148,11,K00275:54:HHHJTBBXX:8:2221:19735:11812,-,+,IRL
chr2,98497450,113,148,148,11,K00275:54:HHHJTBBXX:8:2214:10967:6114,-,+,IRL
chr2,98497450,113,148,148,11,K00275:54:HHHJTBBXX:8:2214:10957:6132,-,+,IRL
chr2,98497520,113,148,148,11,K00275:54:HHHJTBBXX:8:1227:30299:14889,-,+,IRL
chr4,36468062,40,148,148,22,K00275:54:HHHJTBBXX:8:1226:18791:9051,-,+,IRL
chr4,50719015,100,143,143,28,K00275:54:HHHJTBBXX:8:1115:24322:48667,-,+,IRL
chr4,65872533,114,148,148,36,K00275:54:HHHJTBBXX:8:1125:20943:34442,-,+,IRL
chr4,70629484,50,148,148,22,K00275:54:HHHJTBBXX:8:1220:18487:10598,-,+,IRL
chr5,12511924,77,148,148,24,K00275:54:HHHJTBBXX:8:1216:28980:33316,-,+,IRL
chr5,147402935,85,148,148,28,K00275:54:HHHJTBBXX:8:1204:30675:20568,-,+,IRL
chr5,147402935,85,148,148,28,K00275:54:HHHJTBBXX:8:2204:31121:18036,-,+,IRL
chr6,53669897,69,148,148,24,K00275:54:HHHJTBBXX:8:1105:23937:25351,-,+,IRL
chr6,53669897,67,148,148,24,K00275:54:HHHJTBBXX:8:1211:29082:36517,-,+,IRL
chr6,53669897,69,148,148,24,K00275:54:HHHJTBBXX:8:2112:30705:22028,-,+,IRL
chr6,64987109,39,44,44,9,K00275:54:HHHJTBBXX:8:1215:22211:27707,-,+,IRL
chr7,97496600,71,148,148,24,K00275:54:HHHJTBBXX:8:1120:26129:30943,-,+,IRL
chr8,5719093,30,151,151,22,K00275:54:HHHJTBBXX:8:1107:9557:6062,-,+,IRL
chr9,3381408,61,148,148,22,K00275:54:HHHJTBBXX:8:1128:23378:3811,-,+,IRL
chr9,3381408,61,148,148,22,K00275:54:HHHJTBBXX:8:2120:2777:6519,-,+,IRL
chr9,9068484,71,71,71,21,K00275:54:HHHJTBBXX:8:1206:9232:41088,-,+,IRL
chr9,85831331,74,145,145,24,K00275:54:HHHJTBBXX:8:2211:19390:7873,-,+,IRL
chr12,3160029,55,148,148,2,K00275:54:HHHJTBBXX:8:2117:29823:22045,-,+,IRL
chr12,24804165,55,148,148,9,K00275:54:HHHJTBBXX:8:1209:9851:13816,-,+,IRL
chr12,46684177,79,151,151,28,K00275:54:HHHJTBBXX:8:1109:10592:9403,-,+,IRL
chr12,58931015,114,148,148,42,K00275:54:HHHJTBBXX:8:1125:27032:10739,-,+,IRL
chr12,77339204,61,61,61,1,K00275:54:HHHJTBBXX:8:2208:6938:41721,-,+,IRL
chr1,45040891,113,148,148,2,K00275:54:HHHJTBBXX:8:2124:13768:22116,+,+,IRR
chr1,70408673,109,148,148,2,K00275:54:HHHJTBBXX:8:1109:24556:16753,+,+,IRR
chr1,70408673,109,148,148,2,K00275:54:HHHJTBBXX:8:1206:11657:33967,+,+,IRR
chr1,70408673,109,148,148,2,K00275:54:HHHJTBBXX:8:2113:14215:42689,+,+,IRR
chr1,70408673,109,148,148,2,K00275:54:HHHJTBBXX:8:2113:14478:39945,+,+,IRR
chr1,70408673,109,148,148,2,K00275:54:HHHJTBBXX:8:2213:14925:25316,+,+,IRR
chr1,105337101,67,67,67,36,K00275:54:HHHJTBBXX:8:1125:4706:21289,+,+,IRR
chr1,109433359,111,146,146,2,K00275:54:HHHJTBBXX:8:1105:16934:13500,+,+,IRR
chr1,109433359,113,148,148,2,K00275:54:HHHJTBBXX:8:2216:24322:30626,+,+,IRR
chr1,109433359,113,148,148,2,K00275:54:HHHJTBBXX:8:2222:26311:11214,+,+,IRR
chr1,117944640,114,148,148,0,K00275:54:HHHJTBBXX:8:2119:2270:9086,+,+,IRR
chr1,140691082,109,148,148,0,K00275:54:HHHJTBBXX:8:2105:9567:18353,+,+,IRR
chr1,169134174,39,148,148,22,K00275:54:HHHJTBBXX:8:1110:24048:21465,+,+,IRR
chr2,23240261,86,148,148,2,K00275:54:HHHJTBBXX:8:1216:18528:13130,+,+,IRR
chr2,23768419,42,148,148,2,K00275:54:HHHJTBBXX:8:1105:21186:38803,+,+,IRR
chr2,23768419,42,148,148,2,K00275:54:HHHJTBBXX:8:1106:28189:12181,+,+,IRR
chr2,23768419,42,148,148,2,K00275:54:HHHJTBBXX:8:1107:6360:32771,+,+,IRR
chr2,23768419,42,148,148,2,K00275:54:HHHJTBBXX:8:1108:22374:31857,+,+,IRR
chr2,23768419,42,148,148,2,K00275:54:HHHJTBBXX:8:1119:6025:3741,+,+,IRR
chr2,23768419,42,148,148,2,K00275:54:HHHJTBBXX:8:1203:22262:37607,+,+,IRR
chr2,23768419,42,148,148,2,K00275:54:HHHJTBBXX:8:1216:21136:11249,+,+,IRR
chr2,23768419,42,148,148,2,K00275:54:HHHJTBBXX:8:1220:13342:10088,+,+,IRR
chr2,23768419,42,148,148,2,K00275:54:HHHJTBBXX:8:1220:28087:25615,+,+,IRR
chr2,23768419,42,148,148,2,K00275:54:HHHJTBBXX:8:1220:27955:26125,+,+,IRR
chr2,23768419,42,148,148,2,K00275:54:HHHJTBBXX:8:1221:9283:3090,+,+,IRR
chr2,23768419,42,148,148,2,K00275:54:HHHJTBBXX:8:1223:32025:48614,+,+,IRR
chr2,23768419,42,148,148,2,K00275:54:HHHJTBBXX:8:1223:32634:48825,+,+,IRR
chr2,23768419,42,148,148,2,K00275:54:HHHJTBBXX:8:1225:31101:3934,+,+,IRR
chr2,23768419,42,148,148,2,K00275:54:HHHJTBBXX:8:1226:12611:22362,+,+,IRR
chr2,23768419,42,148,148,2,K00275:54:HHHJTBBXX:8:1227:5842:36306,+,+,IRR
chr2,23768419,42,148,148,2,K00275:54:HHHJTBBXX:8:2101:30878:48948,+,+,IRR
chr2,23768419,42,148,148,2,K00275:54:HHHJTBBXX:8:2113:20862:32015,+,+,IRR
chr2,23768419,42,148,148,2,K00275:54:HHHJTBBXX:8:2115:5913:47753,+,+,IRR
chr2,23768419,42,148,148,2,K00275:54:HHHJTBBXX:8:2115:5903:47770,+,+,IRR
chr2,23768419,42,148,148,2,K00275:54:HHHJTBBXX:8:2120:2493:1209,+,+,IRR
chr2,23768419,42,148,148,2,K00275:54:HHHJTBBXX:8:2121:22150:15258,+,+,IRR
chr2,23768419,42,148,148,2,K00275:54:HHHJTBBXX:8:2121:19147:16454,+,+,IRR
chr2,23768419,42,148,148,2,K00275:54:HHHJTBBXX:8:2202:12510:23030,+,+,IRR
chr2,23768419,42,148,148,2,K00275:54:HHHJTBBXX:8:2204:24515:20515,+,+,IRR
chr2,23768419,42,148,148,2,K00275:54:HHHJTBBXX:8:2204:24403:20639,+,+,IRR
chr2,23768419,42,148,148,2,K00275:54:HHHJTBBXX:8:2204:23642:21078,+,+,IRR
chr2,23768419,42,148,148,2,K00275:54:HHHJTBBXX:8:2204:24282:22573,+,+,IRR
chr2,23768419,42,148,148,2,K00275:54:HHHJTBBXX:8:2211:17624:23346,+,+,IRR
chr2,23768419,42,148,148,2,K00275:54:HHHJTBBXX:8:2211:18233:23417,+,+,IRR
chr2,23768419,42,148,148,2,K00275:54:HHHJTBBXX:8:2215:28016:31681,+,+,IRR
chr2,23768419,42,148,148,2,K00275:54:HHHJTBBXX:8:2221:28818:46082,+,+,IRR
chr2,23768419,42,148,148,2,K00275:54:HHHJTBBXX:8:2227:18000:24278,+,+,IRR
chr2,70722224,113,148,148,2,K00275:54:HHHJTBBXX:8:2222:25510:8453,+,+,IRR
chr2,72724117,89,148,148,36,K00275:54:HHHJTBBXX:8:1108:6329:27127,+,+,IRR
chr2,72724117,110,148,148,37,K00275:54:HHHJTBBXX:8:1108:7699:35901,+,+,IRR
chr2,72724117,79,148,148,28,K00275:54:HHHJTBBXX:8:1205:3599:23417,+,+,IRR
chr2,72724117,97,148,148,28,K00275:54:HHHJTBBXX:8:1219:2706:37062,+,+,IRR
chr2,72724117,79,148,148,36,K00275:54:HHHJTBBXX:8:2219:2016:37624,+,+,IRR
chr2,72724117,90,148,148,36,K00275:54:HHHJTBBXX:8:2220:19035:21676,+,+,IRR
chr2,72724117,90,145,145,36,K00275:54:HHHJTBBXX:8:2226:10998:18405,+,+,IRR
chr2,72724117,94,148,148,41,K00275:54:HHHJTBBXX:8:2227:18548:7152,+,+,IRR
chr2,72724117,104,148,148,21,K00275:54:HHHJTBBXX:8:2227:17949:7662,+,+,IRR
chr2,98497450,66,151,151,2,K00275:54:HHHJTBBXX:8:2124:17655:7609,+,+,IRR
chr2,126775975,30,148,148,2,K00275:54:HHHJTBBXX:8:1207:26880:24859,+,+,IRR
chr2,167605500,107,148,148,41,K00275:54:HHHJTBBXX:8:2224:20029:48931,+,+,IRR
chr2,172936099,30,148,148,22,K00275:54:HHHJTBBXX:8:2117:7872:28991,+,+,IRR
chr3,11364919,66,148,148,24,K00275:54:HHHJTBBXX:8:1111:26748:25087,+,+,IRR
chr3,11364919,66,148,148,24,K00275:54:HHHJTBBXX:8:1114:10815:12990,+,+,IRR
chr3,11364919,66,148,148,24,K00275:54:HHHJTBBXX:8:1114:10947:14273,+,+,IRR
chr3,11364919,66,148,148,24,K00275:54:HHHJTBBXX:8:1202:13372:47348,+,+,IRR
chr3,11364919,66,148,148,24,K00275:54:HHHJTBBXX:8:1228:9080:29044,+,+,IRR
chr3,11364919,66,148,148,24,K00275:54:HHHJTBBXX:8:2103:21440:46170,+,+,IRR
chr3,11364919,66,148,148,24,K00275:54:HHHJTBBXX:8:2108:5386:43673,+,+,IRR
chr3,11364919,66,148,148,24,K00275:54:HHHJTBBXX:8:2112:20791:42372,+,+,IRR
chr3,11364919,66,148,148,24,K00275:54:HHHJTBBXX:8:2228:14894:10950,+,+,IRR
chr3,11364919,66,148,148,24,K00275:54:HHHJTBBXX:8:2228:15118:11020,+,+,IRR
chr3,11364919,66,148,148,24,K00275:54:HHHJTBBXX:8:2228:14692:12286,+,+,IRR
chr3,67990061,113,148,148,42,K00275:54:HHHJTBBXX:8:1228:16041:1121,+,+,IRR
chr3,67990061,113,148,148,42,K00275:54:HHHJTBBXX:8:2105:29914:39506,+,+,IRR
chr3,67990061,113,148,148,42,K00275:54:HHHJTBBXX:8:2123:31000:12796,+,+,IRR
chr3,67990061,113,148,148,42,K00275:54:HHHJTBBXX:8:2123:31081:13535,+,+,IRR
chr3,67990061,113,148,148,41,K00275:54:HHHJTBBXX:8:2205:21785:40578,+,+,IRR
chr3,84363064,71,148,148,24,K00275:54:HHHJTBBXX:8:1123:24647:39594,+,+,IRR
chr3,84363064,71,148,148,24,K00275:54:HHHJTBBXX:8:1217:13535:47876,+,+,IRR
chr3,84363064,71,148,148,24,K00275:54:HHHJTBBXX:8:2121:21673:10071,+,+,IRR
chr3,84363064,71,148,148,24,K00275:54:HHHJTBBXX:8:2215:4817:8893,+,+,IRR
chr3,84363064,71,148,148,24,K00275:54:HHHJTBBXX:8:2219:30198:18441,+,+,IRR
chr3,87536945,113,148,148,41,K00275:54:HHHJTBBXX:8:1104:11951:2439,+,+,IRR
chr3,87536945,113,148,148,36,K00275:54:HHHJTBBXX:8:2207:32400:30415,+,+,IRR
chr3,108319155,41,148,148,22,K00275:54:HHHJTBBXX:8:1103:5913:19935,+,+,IRR
chr3,108319155,41,148,148,22,K00275:54:HHHJTBBXX:8:1104:19634:17649,+,+,IRR
chr3,108319155,41,148,148,22,K00275:54:HHHJTBBXX:8:1108:10379:39418,+,+,IRR
chr3,108319155,41,148,148,22,K00275:54:HHHJTBBXX:8:1109:3153:25070,+,+,IRR
chr3,108319155,41,148,148,22,K00275:54:HHHJTBBXX:8:1114:26200:42390,+,+,IRR
chr3,108319155,41,148,148,22,K00275:54:HHHJTBBXX:8:1117:27265:40438,+,+,IRR
chr3,108319155,41,148,148,22,K00275:54:HHHJTBBXX:8:1119:27377:32226,+,+,IRR
chr3,108319155,41,148,148,22,K00275:54:HHHJTBBXX:8:1124:17837:18194,+,+,IRR
chr3,108319155,41,148,148,22,K00275:54:HHHJTBBXX:8:1203:27113:1877,+,+,IRR
chr3,108319155,41,148,148,22,K00275:54:HHHJTBBXX:8:1203:31324:28586,+,+,IRR
chr3,108319155,41,148,148,22,K00275:54:HHHJTBBXX:8:1208:29437:29571,+,+,IRR
chr3,108319155,41,146,146,22,K00275:54:HHHJTBBXX:8:1216:27549:44658,+,+,IRR
chr3,108319155,47,148,148,22,K00275:54:HHHJTBBXX:8:1219:20243:29255,+,+,IRR
chr3,108319155,41,148,148,22,K00275:54:HHHJTBBXX:8:1221:27641:4479,+,+,IRR
chr3,108319155,41,148,148,22,K00275:54:HHHJTBBXX:8:1225:17777:18265,+,+,IRR
chr3,108319155,41,148,148,22,K00275:54:HHHJTBBXX:8:1228:6969:10757,+,+,IRR
chr3,108319155,41,148,148,22,K00275:54:HHHJTBBXX:8:2108:25905:29536,+,+,IRR
chr3,108319155,41,148,148,22,K00275:54:HHHJTBBXX:8:2108:26656:29958,+,+,IRR
chr3,108319155,41,148,148,22,K00275:54:HHHJTBBXX:8:2110:23561:22028,+,+,IRR
chr3,108319155,41,148,148,22,K00275:54:HHHJTBBXX:8:2114:6340:24964,+,+,IRR
chr3,108319155,41,148,148,22,K00275:54:HHHJTBBXX:8:2119:21034:25034,+,+,IRR
chr3,108319155,41,146,146,22,K00275:54:HHHJTBBXX:8:2126:30533:9455,+,+,IRR
chr3,108319155,41,148,148,22,K00275:54:HHHJTBBXX:8:2128:4493:3301,+,+,IRR
chr3,108319155,41,148,148,22,K00275:54:HHHJTBBXX:8:2128:5477:3705,+,+,IRR
chr3,108319155,41,148,148,22,K00275:54:HHHJTBBXX:8:2204:24982:27936,+,+,IRR
chr3,108319155,41,148,148,22,K00275:54:HHHJTBBXX:8:2209:29965:30274,+,+,IRR
chr3,108319155,41,148,148,22,K00275:54:HHHJTBBXX:8:2210:25824:18071,+,+,IRR
chr3,108319155,41,148,148,22,K00275:54:HHHJTBBXX:8:2214:25540:12023,+,+,IRR
chr3,108319155,41,148,148,22,K00275:54:HHHJTBBXX:8:2214:26545:12110,+,+,IRR
chr3,108319155,41,148,148,22,K00275:54:HHHJTBBXX:8:2214:25733:12146,+,+,IRR
chr3,108319155,41,148,148,22,K00275:54:HHHJTBBXX:8:2214:26484:11794,+,+,IRR
chr3,108319155,47,148,148,22,K00275:54:HHHJTBBXX:8:2216:28858:12392,+,+,IRR
chr3,108319155,41,148,148,22,K00275:54:HHHJTBBXX:8:2218:32136:21307,+,+,IRR
chr3,108319155,41,146,146,22,K00275:54:HHHJTBBXX:8:2221:21420:3899,+,+,IRR
chr3,156008235,111,146,146,42,K00275:54:HHHJTBBXX:8:2112:8369:8928,+,+,IRR
chr4,12682438,115,148,148,36,K00275:54:HHHJTBBXX:8:1111:15666:5394,+,+,IRR
chr4,12682438,115,148,148,28,K00275:54:HHHJTBBXX:8:1114:18690:9438,+,+,IRR
chr4,12682438,115,148,148,36,K00275:54:HHHJTBBXX:8:1121:2777:42812,+,+,IRR
chr4,12682438,115,148,148,36,K00275:54:HHHJTBBXX:8:1222:22049:46909,+,+,IRR
chr4,12682438,115,148,148,36,K00275:54:HHHJTBBXX:8:1222:21866:47155,+,+,IRR
chr4,12682438,115,148,148,36,K00275:54:HHHJTBBXX:8:1225:23196:19390,+,+,IRR
chr4,12682438,115,148,148,36,K00275:54:HHHJTBBXX:8:2112:18223:26916,+,+,IRR
chr4,12682438,115,148,148,36,K00275:54:HHHJTBBXX:8:2220:11485:23786,+,+,IRR
chr4,18215994,113,148,148,36,K00275:54:HHHJTBBXX:8:1118:5507:46662,+,+,IRR
chr4,18215994,113,148,148,28,K00275:54:HHHJTBBXX:8:1128:14996:48931,+,+,IRR
chr4,18215994,113,148,148,36,K00275:54:HHHJTBBXX:8:2115:20182:8857,+,+,IRR
chr4,37723846,109,148,148,0,K00275:54:HHHJTBBXX:8:2221:23155:41721,+,+,IRR
chr4,38286536,113,148,148,28,K00275:54:HHHJTBBXX:8:2104:8034:17034,+,+,IRR
chr4,38890321,114,148,148,36,K00275:54:HHHJTBBXX:8:1116:19887:21465,+,+,IRR
chr4,38890321,114,148,148,28,K00275:54:HHHJTBBXX:8:1116:26281:30222,+,+,IRR
chr4,38890321,114,148,148,28,K00275:54:HHHJTBBXX:8:1204:5315:20621,+,+,IRR
chr4,38890321,114,148,148,36,K00275:54:HHHJTBBXX:8:1209:14083:21746,+,+,IRR
chr4,38890321,114,148,148,36,K00275:54:HHHJTBBXX:8:1227:18111:22432,+,+,IRR
chr4,38890321,114,148,148,36,K00275:54:HHHJTBBXX:8:1227:18010:22502,+,+,IRR
chr4,38890321,114,148,148,28,K00275:54:HHHJTBBXX:8:2101:19258:39049,+,+,IRR
chr4,38890321,114,148,148,36,K00275:54:HHHJTBBXX:8:2110:5172:18757,+,+,IRR
chr4,38890321,114,148,148,28,K00275:54:HHHJTBBXX:8:2118:10896:44289,+,+,IRR
chr4,38890321,114,148,148,36,K00275:54:HHHJTBBXX:8:2118:10957:44324,+,+,IRR
chr4,38890321,114,148,148,36,K00275:54:HHHJTBBXX:8:2224:17655:8207,+,+,IRR
chr4,38890321,114,148,148,36,K00275:54:HHHJTBBXX:8:2224:31010:37009,+,+,IRR
chr4,54643202,115,148,148,24,K00275:54:HHHJTBBXX:8:2205:5264:9877,+,+,IRR
chr4,54711792,31,151,151,22,K00275:54:HHHJTBBXX:8:1109:11272:8752,+,+,IRR
chr4,54711792,30,151,151,22,K00275:54:HHHJTBBXX:8:1121:30025:38855,+,+,IRR
chr4,54711792,31,148,148,22,K00275:54:HHHJTBBXX:8:1207:1813:39805,+,+,IRR
chr4,56699059,117,148,148,28,K00275:54:HHHJTBBXX:8:1121:14580:12867,+,+,IRR
chr4,56699063,113,148,148,28,K00275:54:HHHJTBBXX:8:1102:15808:2158,+,+,IRR
chr4,56699063,113,148,148,28,K00275:54:HHHJTBBXX:8:1107:28107:12286,+,+,IRR
chr4,56699063,113,148,148,28,K00275:54:HHHJTBBXX:8:1115:29620:15223,+,+,IRR
chr4,56699063,113,148,148,28,K00275:54:HHHJTBBXX:8:1115:15199:25052,+,+,IRR
chr4,56699063,113,148,148,28,K00275:54:HHHJTBBXX:8:1118:17229:46047,+,+,IRR
chr4,56699063,113,148,148,28,K00275:54:HHHJTBBXX:8:1124:15047:46346,+,+,IRR
chr4,56699063,113,148,148,28,K00275:54:HHHJTBBXX:8:1205:7821:41669,+,+,IRR
chr4,56699063,113,148,148,28,K00275:54:HHHJTBBXX:8:2103:31050:48192,+,+,IRR
chr4,56699063,113,148,148,28,K00275:54:HHHJTBBXX:8:2112:9922:2439,+,+,IRR
chr4,56699063,113,148,148,28,K00275:54:HHHJTBBXX:8:2112:23663:35356,+,+,IRR
chr4,56699063,113,148,148,28,K00275:54:HHHJTBBXX:8:2118:23510:39699,+,+,IRR
chr4,56699063,113,148,148,28,K00275:54:HHHJTBBXX:8:2127:23246:29852,+,+,IRR
chr4,56699063,113,148,148,28,K00275:54:HHHJTBBXX:8:2128:1732:37343,+,+,IRR
chr4,56699063,113,148,148,28,K00275:54:HHHJTBBXX:8:2216:20547:23593,+,+,IRR
chr4,56699063,111,146,146,28,K00275:54:HHHJTBBXX:8:2219:17969:45115,+,+,IRR
chr4,73764360,69,151,151,9,K00275:54:HHHJTBBXX:8:2112:16254:5042,+,+,IRR
chr4,82118716,69,148,148,22,K00275:54:HHHJTBBXX:8:2211:30766:39682,+,+,IRR
chr4,155041046,30,148,148,22,K00275:54:HHHJTBBXX:8:2214:14022:13834,+,+,IRR
chr5,19328034,48,151,151,22,K00275:54:HHHJTBBXX:8:1115:10470:1420,+,+,IRR
chr5,19328034,48,151,151,22,K00275:54:HHHJTBBXX:8:1115:10612:4198,+,+,IRR
chr5,19328034,48,151,151,22,K00275:54:HHHJTBBXX:8:1115:10521:4778,+,+,IRR
chr5,19328034,48,151,151,22,K00275:54:HHHJTBBXX:8:1212:21724:37343,+,+,IRR
chr5,36402123,113,148,148,0,K00275:54:HHHJTBBXX:8:2228:31050:48263,+,+,IRR
chr5,41204716,113,148,148,42,K00275:54:HHHJTBBXX:8:2110:9090:46293,+,+,IRR
chr5,41204716,113,148,148,44,K00275:54:HHHJTBBXX:8:2119:31193:12779,+,+,IRR
chr5,41204716,113,148,148,44,K00275:54:HHHJTBBXX:8:2119:31253:12884,+,+,IRR
chr5,41204716,113,148,148,42,K00275:54:HHHJTBBXX:8:2128:5609:32384,+,+,IRR
chr5,41204716,113,148,148,42,K00275:54:HHHJTBBXX:8:2214:20973:44693,+,+,IRR
chr5,83809274,38,148,148,22,K00275:54:HHHJTBBXX:8:2224:27428:22327,+,+,IRR
chr5,110469845,112,148,148,41,K00275:54:HHHJTBBXX:8:1106:27935:19126,+,+,IRR
chr5,110469845,112,148,148,42,K00275:54:HHHJTBBXX:8:1228:23906:20726,+,+,IRR
chr5,110469845,112,148,148,42,K00275:54:HHHJTBBXX:8:2116:21034:27250,+,+,IRR
chr5,110469845,112,148,148,42,K00275:54:HHHJTBBXX:8:2117:7710:26459,+,+,IRR
chr5,110469845,112,148,148,41,K00275:54:HHHJTBBXX:8:2202:26981:39101,+,+,IRR
chr5,111584214,94,148,148,28,K00275:54:HHHJTBBXX:8:1110:4259:11618,+,+,IRR
chr5,111584214,94,148,148,28,K00275:54:HHHJTBBXX:8:1116:27062:17755,+,+,IRR
chr5,111584214,94,148,148,28,K00275:54:HHHJTBBXX:8:1202:10906:9842,+,+,IRR
chr5,111584214,94,146,146,28,K00275:54:HHHJTBBXX:8:1213:22404:29061,+,+,IRR
chr5,111584214,94,148,148,28,K00275:54:HHHJTBBXX:8:1224:9222:12656,+,+,IRR
chr5,111584214,94,148,148,28,K00275:54:HHHJTBBXX:8:2104:6350:44535,+,+,IRR
chr5,111584214,94,148,148,28,K00275:54:HHHJTBBXX:8:2106:31040:34143,+,+,IRR
chr5,111584214,94,148,148,28,K00275:54:HHHJTBBXX:8:2107:21673:24138,+,+,IRR
chr5,111584214,94,148,148,28,K00275:54:HHHJTBBXX:8:2112:24454:22907,+,+,IRR
chr5,111584214,94,148,148,24,K00275:54:HHHJTBBXX:8:2118:14083:47805,+,+,IRR
chr5,111584214,94,148,148,28,K00275:54:HHHJTBBXX:8:2120:3549:23153,+,+,IRR
chr5,111584214,94,148,148,28,K00275:54:HHHJTBBXX:8:2121:4970:5640,+,+,IRR
chr5,111584214,94,148,148,28,K00275:54:HHHJTBBXX:8:2201:9536:37572,+,+,IRR
chr5,111584214,94,146,146,28,K00275:54:HHHJTBBXX:8:2224:11566:20445,+,+,IRR
chr6,22566817,46,148,148,22,K00275:54:HHHJTBBXX:8:1207:12154:30081,+,+,IRR
chr6,22566817,46,148,148,22,K00275:54:HHHJTBBXX:8:2217:14692:29307,+,+,IRR
chr6,43207953,113,148,148,21,K00275:54:HHHJTBBXX:8:1107:4817:30732,+,+,IRR
chr6,43207953,113,148,148,21,K00275:54:HHHJTBBXX:8:1116:5568:1437,+,+,IRR
chr6,43207953,113,148,148,18,K00275:54:HHHJTBBXX:8:1119:31426:35409,+,+,IRR
chr6,43207953,113,148,148,21,K00275:54:HHHJTBBXX:8:1121:25540:20357,+,+,IRR
chr6,43207953,113,148,148,18,K00275:54:HHHJTBBXX:8:1207:3244:42847,+,+,IRR
chr6,43207953,113,148,148,21,K00275:54:HHHJTBBXX:8:1216:30543:24384,+,+,IRR
chr6,43207953,113,148,148,18,K00275:54:HHHJTBBXX:8:2108:22719:21025,+,+,IRR
chr6,43207953,113,148,148,21,K00275:54:HHHJTBBXX:8:2111:28260:3477,+,+,IRR
chr6,43207953,113,148,148,21,K00275:54:HHHJTBBXX:8:2111:28250:3846,+,+,IRR
chr6,43207953,113,148,148,21,K00275:54:HHHJTBBXX:8:2111:28473:3846,+,+,IRR
chr6,43207953,113,148,148,21,K00275:54:HHHJTBBXX:8:2116:29914:13025,+,+,IRR
chr6,43207953,113,148,148,18,K00275:54:HHHJTBBXX:8:2119:29924:11812,+,+,IRR
chr6,43207953,113,148,148,18,K00275:54:HHHJTBBXX:8:2125:23115:32332,+,+,IRR
chr6,43207953,113,148,148,18,K00275:54:HHHJTBBXX:8:2202:15280:12040,+,+,IRR
chr6,43207953,113,148,148,21,K00275:54:HHHJTBBXX:8:2202:16183:12620,+,+,IRR
chr6,43207953,111,146,146,18,K00275:54:HHHJTBBXX:8:2206:26819:46276,+,+,IRR
chr6,43207953,113,148,148,18,K00275:54:HHHJTBBXX:8:2214:18700:15891,+,+,IRR
chr6,43207953,113,148,148,21,K00275:54:HHHJTBBXX:8:2217:21826:3899,+,+,IRR
chr6,43207953,113,148,148,21,K00275:54:HHHJTBBXX:8:2220:10825:33229,+,+,IRR
chr6,53232924,113,148,148,42,K00275:54:HHHJTBBXX:8:1102:12083:13992,+,+,IRR
chr6,53232924,113,148,148,44,K00275:54:HHHJTBBXX:8:1227:22759:29571,+,+,IRR
chr6,53232924,113,148,148,42,K00275:54:HHHJTBBXX:8:2116:21176:47893,+,+,IRR
chr6,53232924,113,148,148,44,K00275:54:HHHJTBBXX:8:2123:21075:14660,+,+,IRR
chr6,53232962,113,148,148,44,K00275:54:HHHJTBBXX:8:1219:5051:10176,+,+,IRR
chr6,53232962,113,148,148,44,K00275:54:HHHJTBBXX:8:2104:11749:37466,+,+,IRR
chr6,53233000,114,148,148,42,K00275:54:HHHJTBBXX:8:1221:18132:47155,+,+,IRR
chr6,53233000,114,148,148,44,K00275:54:HHHJTBBXX:8:2113:27529:25632,+,+,IRR
chr6,53233000,114,148,148,44,K00275:54:HHHJTBBXX:8:2113:27752:26230,+,+,IRR
chr6,53233000,114,148,148,42,K00275:54:HHHJTBBXX:8:2223:17949:15996,+,+,IRR
chr6,53233044,113,148,148,42,K00275:54:HHHJTBBXX:8:1212:4239:4022,+,+,IRR
chr6,53233058,113,148,148,44,K00275:54:HHHJTBBXX:8:1117:24383:8928,+,+,IRR
chr6,53233058,113,148,148,44,K00275:54:HHHJTBBXX:8:1220:6695:19074,+,+,IRR
chr6,53233058,113,148,148,44,K00275:54:HHHJTBBXX:8:2209:3721:42161,+,+,IRR
chr6,53233070,113,148,148,42,K00275:54:HHHJTBBXX:8:2117:5802:2897,+,+,IRR
chr6,53233076,114,148,148,41,K00275:54:HHHJTBBXX:8:1106:5294:10141,+,+,IRR
chr6,53233076,114,148,148,41,K00275:54:HHHJTBBXX:8:1106:6248:28076,+,+,IRR
chr6,53233076,114,148,148,44,K00275:54:HHHJTBBXX:8:1107:23480:3494,+,+,IRR
chr6,53233076,114,148,148,44,K00275:54:HHHJTBBXX:8:1113:25378:15012,+,+,IRR
chr6,53233076,114,148,148,41,K00275:54:HHHJTBBXX:8:1126:14732:31910,+,+,IRR
chr6,53233076,114,148,148,41,K00275:54:HHHJTBBXX:8:1217:8105:9069,+,+,IRR
chr6,53233076,114,148,148,44,K00275:54:HHHJTBBXX:8:1221:31791:6079,+,+,IRR
chr6,53233076,114,148,148,44,K00275:54:HHHJTBBXX:8:1222:20588:48491,+,+,IRR
chr6,53233076,112,146,146,44,K00275:54:HHHJTBBXX:8:2102:20303:10159,+,+,IRR
chr6,53233076,115,148,148,42,K00275:54:HHHJTBBXX:8:2102:31395:16295,+,+,IRR
chr6,53233076,114,148,148,42,K00275:54:HHHJTBBXX:8:2109:32004:2510,+,+,IRR
chr6,53233076,114,148,148,44,K00275:54:HHHJTBBXX:8:2117:21887:6783,+,+,IRR
chr6,53233076,114,148,148,42,K00275:54:HHHJTBBXX:8:2123:25926:5939,+,+,IRR
chr6,53233076,114,148,148,42,K00275:54:HHHJTBBXX:8:2123:25875:6167,+,+,IRR
chr6,53233076,114,148,148,44,K00275:54:HHHJTBBXX:8:2124:29579:42864,+,+,IRR
chr6,53233076,114,148,148,44,K00275:54:HHHJTBBXX:8:2211:26220:14115,+,+,IRR
chr6,53233076,114,148,148,42,K00275:54:HHHJTBBXX:8:2211:26271:14273,+,+,IRR
chr6,53233152,115,148,148,44,K00275:54:HHHJTBBXX:8:1109:3407:42214,+,+,IRR
chr6,53233152,113,148,148,44,K00275:54:HHHJTBBXX:8:1115:17766:5974,+,+,IRR
chr6,53233152,113,148,148,42,K00275:54:HHHJTBBXX:8:1122:17259:7732,+,+,IRR
chr6,53233152,113,148,148,44,K00275:54:HHHJTBBXX:8:1122:20872:11987,+,+,IRR
chr6,53233152,113,148,148,44,K00275:54:HHHJTBBXX:8:1211:4503:47102,+,+,IRR
chr6,53233152,113,148,148,44,K00275:54:HHHJTBBXX:8:1225:17898:33598,+,+,IRR
chr6,53233152,113,148,148,44,K00275:54:HHHJTBBXX:8:2111:16478:9473,+,+,IRR
chr6,53233152,113,148,148,42,K00275:54:HHHJTBBXX:8:2124:30097:47172,+,+,IRR
chr6,53233152,113,148,148,44,K00275:54:HHHJTBBXX:8:2208:11505:10352,+,+,IRR
chr6,53233152,113,148,148,44,K00275:54:HHHJTBBXX:8:2208:11373:10932,+,+,IRR
chr6,53233152,113,148,148,44,K00275:54:HHHJTBBXX:8:2213:4929:9578,+,+,IRR
chr6,53233173,112,148,148,42,K00275:54:HHHJTBBXX:8:2108:7923:16665,+,+,IRR
chr6,53233202,114,148,148,42,K00275:54:HHHJTBBXX:8:2117:26281:33281,+,+,IRR
chr6,53233202,113,148,148,41,K00275:54:HHHJTBBXX:8:2206:4493:14308,+,+,IRR
chr6,53233205,114,148,148,42,K00275:54:HHHJTBBXX:8:1101:9394:2967,+,+,IRR
chr6,53233205,114,148,148,42,K00275:54:HHHJTBBXX:8:1101:9404:2985,+,+,IRR
chr6,53233205,114,148,148,42,K00275:54:HHHJTBBXX:8:1202:31395:47454,+,+,IRR
chr6,53233205,114,148,148,42,K00275:54:HHHJTBBXX:8:1202:30594:47647,+,+,IRR
chr6,53233205,114,148,148,42,K00275:54:HHHJTBBXX:8:1205:5101:12585,+,+,IRR
chr6,53233205,114,148,148,42,K00275:54:HHHJTBBXX:8:1206:13626:12831,+,+,IRR
chr6,53233205,114,148,148,42,K00275:54:HHHJTBBXX:8:1206:20567:21658,+,+,IRR
chr6,53233205,114,148,148,42,K00275:54:HHHJTBBXX:8:1211:16092:44113,+,+,IRR
chr6,53233205,114,148,148,42,K00275:54:HHHJTBBXX:8:1215:28666:28938,+,+,IRR
chr6,53233205,114,148,148,42,K00275:54:HHHJTBBXX:8:1221:6126:21395,+,+,IRR
chr6,53233205,114,148,148,42,K00275:54:HHHJTBBXX:8:2105:25743:13851,+,+,IRR
chr6,53233205,114,148,148,42,K00275:54:HHHJTBBXX:8:2107:9384:36780,+,+,IRR
chr6,53233205,114,148,148,42,K00275:54:HHHJTBBXX:8:2117:6005:23962,+,+,IRR
chr6,53233205,114,148,148,42,K00275:54:HHHJTBBXX:8:2117:5771:23417,+,+,IRR
chr6,53233205,114,148,148,41,K00275:54:HHHJTBBXX:8:2118:5893:45010,+,+,IRR
chr6,53233205,114,148,148,42,K00275:54:HHHJTBBXX:8:2123:20324:34706,+,+,IRR
chr6,53233205,114,148,148,42,K00275:54:HHHJTBBXX:8:2123:19553:41282,+,+,IRR
chr6,53233205,114,148,148,42,K00275:54:HHHJTBBXX:8:2126:23906:10880,+,+,IRR
chr6,53233205,114,148,148,42,K00275:54:HHHJTBBXX:8:2205:7740:7556,+,+,IRR
chr6,53233205,114,148,148,42,K00275:54:HHHJTBBXX:8:2205:7963:7556,+,+,IRR
chr6,53233205,114,148,148,42,K00275:54:HHHJTBBXX:8:2207:18020:23294,+,+,IRR
chr6,53233205,114,148,148,42,K00275:54:HHHJTBBXX:8:2215:17908:3055,+,+,IRR
chr6,53233205,114,148,148,42,K00275:54:HHHJTBBXX:8:2219:12550:20990,+,+,IRR
chr6,53233206,115,148,148,42,K00275:54:HHHJTBBXX:8:1213:7040:45344,+,+,IRR
chr6,53233206,116,148,148,42,K00275:54:HHHJTBBXX:8:1217:10916:16858,+,+,IRR
chr6,53233206,115,148,148,42,K00275:54:HHHJTBBXX:8:2227:9912:8682,+,+,IRR
chr6,53233206,115,148,148,42,K00275:54:HHHJTBBXX:8:2227:9912:8717,+,+,IRR
chr6,53233218,104,148,148,41,K00275:54:HHHJTBBXX:8:1219:4797:16524,+,+,IRR
chr6,53233263,59,148,148,22,K00275:54:HHHJTBBXX:8:1204:11596:26547,+,+,IRR
chr6,53233263,59,148,148,22,K00275:54:HHHJTBBXX:8:1224:28544:44482,+,+,IRR
chr6,53233263,59,148,148,22,K00275:54:HHHJTBBXX:8:1225:4168:48104,+,+,IRR
chr6,53233263,59,146,146,22,K00275:54:HHHJTBBXX:8:2113:5284:12339,+,+,IRR
chr6,53233267,55,148,148,22,K00275:54:HHHJTBBXX:8:2115:13190:14432,+,+,IRR
chr6,53233274,48,148,148,22,K00275:54:HHHJTBBXX:8:1208:2950:21131,+,+,IRR
chr6,53233274,48,148,148,22,K00275:54:HHHJTBBXX:8:2127:18862:18951,+,+,IRR
chr6,53233276,46,148,148,22,K00275:54:HHHJTBBXX:8:2126:6989:24999,+,+,IRR
chr6,53233283,39,148,148,22,K00275:54:HHHJTBBXX:8:1103:26859:1367,+,+,IRR
chr6,53233283,39,148,148,22,K00275:54:HHHJTBBXX:8:1103:15585:15803,+,+,IRR
chr6,53233283,39,148,148,22,K00275:54:HHHJTBBXX:8:1116:11495:1086,+,+,IRR
chr6,53233283,39,148,148,22,K00275:54:HHHJTBBXX:8:1127:26748:26283,+,+,IRR
chr6,53233283,39,148,148,22,K00275:54:HHHJTBBXX:8:2121:29538:25843,+,+,IRR
chr6,53233283,39,148,148,22,K00275:54:HHHJTBBXX:8:2128:3143:26529,+,+,IRR
chr6,53233283,39,148,148,22,K00275:54:HHHJTBBXX:8:2216:31842:47454,+,+,IRR
chr6,53233283,39,148,148,22,K00275:54:HHHJTBBXX:8:2224:9404:1226,+,+,IRR
chr6,53233285,37,148,148,22,K00275:54:HHHJTBBXX:8:1118:9455:16155,+,+,IRR
chr6,53233285,37,148,148,22,K00275:54:HHHJTBBXX:8:1203:20121:10968,+,+,IRR
chr6,53233285,37,148,148,22,K00275:54:HHHJTBBXX:8:1207:12418:32367,+,+,IRR
chr6,53233285,37,148,148,22,K00275:54:HHHJTBBXX:8:1208:20608:2527,+,+,IRR
chr6,53233285,37,146,146,22,K00275:54:HHHJTBBXX:8:1209:5781:5745,+,+,IRR
chr6,53233285,37,148,148,22,K00275:54:HHHJTBBXX:8:1228:25915:27092,+,+,IRR
chr6,53233285,37,148,148,22,K00275:54:HHHJTBBXX:8:2107:25692:42143,+,+,IRR
chr6,53233285,37,148,148,22,K00275:54:HHHJTBBXX:8:2107:25124:42812,+,+,IRR
chr6,53233285,37,148,148,22,K00275:54:HHHJTBBXX:8:2116:31913:5763,+,+,IRR
chr6,53233285,37,148,148,22,K00275:54:HHHJTBBXX:8:2116:22181:27760,+,+,IRR
chr6,53233285,37,148,148,22,K00275:54:HHHJTBBXX:8:2117:31690:31822,+,+,IRR
chr6,53233285,37,148,148,22,K00275:54:HHHJTBBXX:8:2119:5538:1595,+,+,IRR
chr6,53233285,37,148,148,22,K00275:54:HHHJTBBXX:8:2221:11606:10247,+,+,IRR
chr6,53233285,37,148,148,22,K00275:54:HHHJTBBXX:8:2221:30299:30609,+,+,IRR
chr6,53233285,37,148,148,22,K00275:54:HHHJTBBXX:8:2227:13240:16911,+,+,IRR
chr6,53233286,36,148,148,22,K00275:54:HHHJTBBXX:8:2117:12154:44605,+,+,IRR
chr6,57516526,40,148,148,22,K00275:54:HHHJTBBXX:8:1119:31680:38416,+,+,IRR
chr6,86910709,113,148,148,38,K00275:54:HHHJTBBXX:8:1210:23602:27443,+,+,IRR
chr6,86910709,113,148,148,42,K00275:54:HHHJTBBXX:8:1215:23074:2826,+,+,IRR
chr6,86910709,114,148,148,42,K00275:54:HHHJTBBXX:8:1219:10490:42214,+,+,IRR
chr6,86910709,113,148,148,38,K00275:54:HHHJTBBXX:8:2106:24566:14449,+,+,IRR
chr6,86910709,113,148,148,42,K00275:54:HHHJTBBXX:8:2113:17472:1666,+,+,IRR
chr6,86910709,113,148,148,36,K00275:54:HHHJTBBXX:8:2119:31203:10440,+,+,IRR
chr6,86910711,113,148,148,18,K00275:54:HHHJTBBXX:8:2108:30665:47032,+,+,IRR
chr6,86910711,113,148,148,17,K00275:54:HHHJTBBXX:8:2108:28909:44341,+,+,IRR
chr6,86910711,113,148,148,18,K00275:54:HHHJTBBXX:8:2108:28990:45924,+,+,IRR
chr6,86910715,115,148,148,17,K00275:54:HHHJTBBXX:8:1104:13869:44447,+,+,IRR
chr6,86910715,115,148,148,41,K00275:54:HHHJTBBXX:8:2113:18517:47260,+,+,IRR
chr6,86910715,115,148,148,18,K00275:54:HHHJTBBXX:8:2127:19857:27180,+,+,IRR
chr6,86910743,114,148,148,17,K00275:54:HHHJTBBXX:8:1123:21146:33141,+,+,IRR
chr6,86910743,114,148,148,18,K00275:54:HHHJTBBXX:8:2120:30228:1191,+,+,IRR
chr6,86910759,113,148,148,38,K00275:54:HHHJTBBXX:8:2128:25520:27883,+,+,IRR
chr6,86910819,86,148,148,25,K00275:54:HHHJTBBXX:8:1205:22719:5728,+,+,IRR
chr6,86910826,103,151,151,41,K00275:54:HHHJTBBXX:8:2128:10612:47665,+,+,IRR
chr6,112045350,113,148,148,0,K00275:54:HHHJTBBXX:8:2122:24008:27268,+,+,IRR
chr6,128806034,38,148,148,2,K00275:54:HHHJTBBXX:8:2103:21663:7943,+,+,IRR
chr6,133676523,56,151,151,9,K00275:54:HHHJTBBXX:8:2113:32187:38627,+,+,IRR
chr7,5377047,109,148,148,0,K00275:54:HHHJTBBXX:8:2220:14012:30661,+,+,IRR
chr7,24555777,78,148,148,2,K00275:54:HHHJTBBXX:8:2225:18720:26441,+,+,IRR
chr7,26406714,32,148,148,22,K00275:54:HHHJTBBXX:8:2223:14702:9385,+,+,IRR
chr7,77597585,62,151,151,22,K00275:54:HHHJTBBXX:8:1208:20375:9297,+,+,IRR
chr7,82199110,113,148,148,42,K00275:54:HHHJTBBXX:8:1218:16092:33316,+,+,IRR
chr7,82199110,113,148,148,42,K00275:54:HHHJTBBXX:8:2128:18720:30028,+,+,IRR
chr7,100622510,138,151,151,42,K00275:54:HHHJTBBXX:8:2106:16173:45344,+,+,IRR
chr8,33807342,30,148,148,22,K00275:54:HHHJTBBXX:8:1126:22709:48755,+,+,IRR
chr8,90966954,113,148,148,42,K00275:54:HHHJTBBXX:8:1119:11079:42565,+,+,IRR
chr8,90966954,113,148,148,42,K00275:54:HHHJTBBXX:8:1119:11028:42653,+,+,IRR
chr8,90966954,113,148,148,42,K00275:54:HHHJTBBXX:8:1202:6340:15293,+,+,IRR
chr8,90966954,113,148,148,42,K00275:54:HHHJTBBXX:8:1202:5913:16278,+,+,IRR
chr8,90966954,113,148,148,42,K00275:54:HHHJTBBXX:8:2104:12002:8717,+,+,IRR
chr8,93826391,109,148,148,0,K00275:54:HHHJTBBXX:8:1104:7304:42143,+,+,IRR
chr8,108981176,60,151,151,22,K00275:54:HHHJTBBXX:8:2102:23997:35409,+,+,IRR
chr9,3000456,51,148,148,2,K00275:54:HHHJTBBXX:8:1112:11150:28973,+,+,IRR
chr9,3000456,51,148,148,2,K00275:54:HHHJTBBXX:8:1124:11292:31154,+,+,IRR
chr9,3000456,51,148,148,2,K00275:54:HHHJTBBXX:8:1212:18741:22819,+,+,IRR
chr9,3000456,51,148,148,2,K00275:54:HHHJTBBXX:8:2109:29853:14080,+,+,IRR
chr9,3000456,51,148,148,2,K00275:54:HHHJTBBXX:8:2120:17807:41950,+,+,IRR
chr9,3000456,51,148,148,2,K00275:54:HHHJTBBXX:8:2122:17432:38451,+,+,IRR
chr9,3000456,51,148,148,2,K00275:54:HHHJTBBXX:8:2127:4442:3530,+,+,IRR
chr9,3000456,51,148,148,2,K00275:54:HHHJTBBXX:8:2127:4432:3547,+,+,IRR
chr9,3000456,51,148,148,2,K00275:54:HHHJTBBXX:8:2226:7933:44078,+,+,IRR
chr9,6777682,56,151,151,22,K00275:54:HHHJTBBXX:8:1107:22211:42724,+,+,IRR
chr9,6777682,56,151,151,22,K00275:54:HHHJTBBXX:8:1107:22110:42935,+,+,IRR
chr9,6777682,56,151,151,22,K00275:54:HHHJTBBXX:8:1107:24058:43533,+,+,IRR
chr9,20468238,113,148,148,41,K00275:54:HHHJTBBXX:8:2101:7060:8172,+,+,IRR
chr9,20468238,113,148,148,41,K00275:54:HHHJTBBXX:8:2112:15767:13130,+,+,IRR
chr9,20468238,113,148,148,41,K00275:54:HHHJTBBXX:8:2112:15798:13148,+,+,IRR
chr9,20468238,113,148,148,41,K00275:54:HHHJTBBXX:8:2112:15818:13324,+,+,IRR
chr9,20468238,113,148,148,41,K00275:54:HHHJTBBXX:8:2121:10429:6202,+,+,IRR
chr9,32421221,34,148,148,22,K00275:54:HHHJTBBXX:8:1104:10957:26283,+,+,IRR
chr9,32421221,34,148,148,22,K00275:54:HHHJTBBXX:8:1104:13443:24929,+,+,IRR
chr9,32421221,34,148,148,22,K00275:54:HHHJTBBXX:8:1108:29102:43831,+,+,IRR
chr9,32421221,34,148,148,22,K00275:54:HHHJTBBXX:8:1110:12510:36569,+,+,IRR
chr9,32421221,34,148,148,22,K00275:54:HHHJTBBXX:8:1119:31385:27215,+,+,IRR
chr9,32421221,34,148,148,22,K00275:54:HHHJTBBXX:8:1208:26007:15258,+,+,IRR
chr9,32421221,34,148,148,22,K00275:54:HHHJTBBXX:8:1218:4381:3811,+,+,IRR
chr9,32421221,34,148,148,22,K00275:54:HHHJTBBXX:8:2220:26646:37572,+,+,IRR
chr9,79598623,30,148,148,0,K00275:54:HHHJTBBXX:8:2101:28716:33738,+,+,IRR
chr9,85360067,109,148,148,24,K00275:54:HHHJTBBXX:8:1101:24373:37888,+,+,IRR
chr9,85360067,109,148,148,28,K00275:54:HHHJTBBXX:8:1106:22516:40051,+,+,IRR
chr9,85360067,109,148,148,28,K00275:54:HHHJTBBXX:8:1124:3914:38310,+,+,IRR
chr9,85360067,109,148,148,28,K00275:54:HHHJTBBXX:8:1205:10876:14713,+,+,IRR
chr9,85360067,109,148,148,28,K00275:54:HHHJTBBXX:8:1206:7557:33897,+,+,IRR
chr9,85360067,109,148,148,28,K00275:54:HHHJTBBXX:8:1206:6989:34354,+,+,IRR
chr9,85360067,109,148,148,28,K00275:54:HHHJTBBXX:8:1226:13798:25755,+,+,IRR
chr9,85360067,109,148,148,28,K00275:54:HHHJTBBXX:8:2105:26778:10370,+,+,IRR
chr9,85360067,109,148,148,28,K00275:54:HHHJTBBXX:8:2105:14143:25791,+,+,IRR
chr9,85360067,109,148,148,28,K00275:54:HHHJTBBXX:8:2107:3397:10686,+,+,IRR
chr9,85360067,109,148,148,28,K00275:54:HHHJTBBXX:8:2108:14336:35796,+,+,IRR
chr9,85360067,109,148,148,28,K00275:54:HHHJTBBXX:8:2117:7770:31734,+,+,IRR
chr9,85360067,109,148,148,24,K00275:54:HHHJTBBXX:8:2205:19553:45361,+,+,IRR
chr9,85360067,109,148,148,28,K00275:54:HHHJTBBXX:8:2205:20770:46592,+,+,IRR
chr9,85360067,109,148,148,28,K00275:54:HHHJTBBXX:8:2205:20618:46926,+,+,IRR
chr9,85360067,109,148,148,28,K00275:54:HHHJTBBXX:8:2215:4117:48931,+,+,IRR
chr9,85360067,109,148,148,28,K00275:54:HHHJTBBXX:8:2219:8237:4057,+,+,IRR
chr9,85360067,109,148,148,28,K00275:54:HHHJTBBXX:8:2219:7801:4462,+,+,IRR
chr9,85360067,109,148,148,28,K00275:54:HHHJTBBXX:8:2221:11779:34037,+,+,IRR
chr9,85360067,109,148,148,28,K00275:54:HHHJTBBXX:8:2221:12053:34899,+,+,IRR
chr9,85360067,109,148,148,28,K00275:54:HHHJTBBXX:8:2227:11596:3160,+,+,IRR
chr9,85360067,109,148,148,28,K00275:54:HHHJTBBXX:8:2227:11211:3407,+,+,IRR
chr9,85360067,109,148,148,28,K00275:54:HHHJTBBXX:8:2227:10510:4549,+,+,IRR
chr9,86196478,113,148,148,36,K00275:54:HHHJTBBXX:8:1211:10084:41053,+,+,IRR
chr9,86196478,113,148,148,36,K00275:54:HHHJTBBXX:8:1223:4005:18740,+,+,IRR
chr9,86196478,113,148,148,36,K00275:54:HHHJTBBXX:8:1223:4137:21676,+,+,IRR
chr10,55675893,113,148,148,2,K00275:54:HHHJTBBXX:8:2128:24271:36939,+,+,IRR
chr10,79154515,114,148,148,0,K00275:54:HHHJTBBXX:8:1107:27123:28797,+,+,IRR
chr10,79154515,114,148,148,0,K00275:54:HHHJTBBXX:8:2112:10226:41053,+,+,IRR
chr10,79154515,114,148,148,0,K00275:54:HHHJTBBXX:8:2115:13190:40807,+,+,IRR
chr10,90904874,97,148,148,12,K00275:54:HHHJTBBXX:8:1114:16965:25755,+,+,IRR
chr10,90904874,97,148,148,16,K00275:54:HHHJTBBXX:8:1121:23145:23030,+,+,IRR
chr10,90904874,97,148,148,16,K00275:54:HHHJTBBXX:8:1124:21978:15487,+,+,IRR
chr10,90904874,97,146,146,16,K00275:54:HHHJTBBXX:8:1128:5426:3899,+,+,IRR
chr10,90904874,97,148,148,12,K00275:54:HHHJTBBXX:8:1212:14631:44324,+,+,IRR
chr10,90904874,97,148,148,12,K00275:54:HHHJTBBXX:8:1215:18365:32683,+,+,IRR
chr10,90904874,97,148,148,16,K00275:54:HHHJTBBXX:8:1215:18101:33141,+,+,IRR
chr10,90904874,97,148,148,16,K00275:54:HHHJTBBXX:8:1225:2920:36974,+,+,IRR
chr10,90904874,97,148,148,12,K00275:54:HHHJTBBXX:8:2101:30381:1842,+,+,IRR
chr10,90904874,97,148,148,12,K00275:54:HHHJTBBXX:8:2107:24921:38908,+,+,IRR
chr10,90904874,97,148,148,19,K00275:54:HHHJTBBXX:8:2110:23744:37748,+,+,IRR
chr10,90904874,97,148,148,19,K00275:54:HHHJTBBXX:8:2110:24363:37835,+,+,IRR
chr10,90904874,97,148,148,16,K00275:54:HHHJTBBXX:8:2116:18538:36253,+,+,IRR
chr10,90904874,97,148,148,16,K00275:54:HHHJTBBXX:8:2121:31649:44060,+,+,IRR
chr10,90904874,97,148,148,12,K00275:54:HHHJTBBXX:8:2201:3295:27531,+,+,IRR
chr10,90904874,97,148,148,16,K00275:54:HHHJTBBXX:8:2214:10318:8893,+,+,IRR
chr10,117881447,113,146,146,17,K00275:54:HHHJTBBXX:8:1122:3650:14713,+,+,IRR
chr11,41550429,58,148,148,22,K00275:54:HHHJTBBXX:8:1108:7182:35180,+,+,IRR
chr11,41550429,58,148,148,22,K00275:54:HHHJTBBXX:8:1112:17178:1402,+,+,IRR
chr11,41550429,58,148,148,22,K00275:54:HHHJTBBXX:8:1120:30127:5974,+,+,IRR
chr11,41550429,58,148,148,22,K00275:54:HHHJTBBXX:8:1126:26524:28076,+,+,IRR
chr11,41550429,58,148,148,22,K00275:54:HHHJTBBXX:8:1128:29214:3864,+,+,IRR
chr11,41550429,58,148,148,22,K00275:54:HHHJTBBXX:8:1202:24616:19109,+,+,IRR
chr11,41550429,58,146,146,22,K00275:54:HHHJTBBXX:8:2106:13342:48667,+,+,IRR
chr11,41550429,58,148,148,22,K00275:54:HHHJTBBXX:8:2111:29508:30292,+,+,IRR
chr11,41550429,58,148,148,22,K00275:54:HHHJTBBXX:8:2115:2727:40367,+,+,IRR
chr11,41550429,58,148,148,22,K00275:54:HHHJTBBXX:8:2121:20933:39840,+,+,IRR
chr11,41550429,58,148,148,22,K00275:54:HHHJTBBXX:8:2122:6126:33422,+,+,IRR
chr11,41550429,58,148,148,22,K00275:54:HHHJTBBXX:8:2221:5081:31259,+,+,IRR
chr11,84365594,115,148,148,41,K00275:54:HHHJTBBXX:8:2104:19634:36464,+,+,IRR
chr12,23468441,113,148,148,0,K00275:54:HHHJTBBXX:8:2107:2219:22889,+,+,IRR
chr12,23468441,113,148,148,0,K00275:54:HHHJTBBXX:8:2119:2311:9051,+,+,IRR
chr12,52684714,32,148,148,0,K00275:54:HHHJTBBXX:8:1107:25175:29571,+,+,IRR
chr12,108734216,32,148,148,22,K00275:54:HHHJTBBXX:8:2218:27001:31400,+,+,IRR
chr13,25364598,67,151,151,9,K00275:54:HHHJTBBXX:8:2202:21105:22239,+,+,IRR
chr13,25364598,65,151,151,9,K00275:54:HHHJTBBXX:8:1205:15524:30151,+,+,IRR
chr13,36174321,73,148,148,0,K00275:54:HHHJTBBXX:8:2218:6441:29747,+,+,IRR
chr13,76328338,38,151,151,22,K00275:54:HHHJTBBXX:8:1121:29295:21201,+,+,IRR
chr13,83965935,113,148,148,0,K00275:54:HHHJTBBXX:8:1108:27397:20691,+,+,IRR
chr13,101569235,86,145,145,28,K00275:54:HHHJTBBXX:8:2206:21257:44904,+,+,IRR
chr14,51739713,65,151,151,2,K00275:54:HHHJTBBXX:8:1103:27722:12462,+,+,IRR
chr14,84996557,111,146,146,42,K00275:54:HHHJTBBXX:8:2215:6776:41229,+,+,IRR
chr14,84996557,111,146,146,42,K00275:54:HHHJTBBXX:8:2215:7486:41686,+,+,IRR
chr14,84996618,114,148,148,44,K00275:54:HHHJTBBXX:8:1125:18822:7451,+,+,IRR
chr14,84996618,114,148,148,44,K00275:54:HHHJTBBXX:8:1202:22962:47647,+,+,IRR
chr14,84996621,113,148,148,42,K00275:54:HHHJTBBXX:8:1121:5649:1437,+,+,IRR
chr14,84996813,40,148,148,22,K00275:54:HHHJTBBXX:8:1119:8258:44992,+,+,IRR
chr14,103239920,31,148,148,2,K00275:54:HHHJTBBXX:8:1105:24200:5200,+,+,IRR
chr14,106936595,77,148,148,16,K00275:54:HHHJTBBXX:8:1102:2260:2316,+,+,IRR
chr14,106936595,77,148,148,16,K00275:54:HHHJTBBXX:8:1102:2148:2475,+,+,IRR
chr14,106936595,77,148,148,16,K00275:54:HHHJTBBXX:8:1109:3752:19953,+,+,IRR
chr14,106936595,77,148,148,16,K00275:54:HHHJTBBXX:8:1109:2727:17896,+,+,IRR
chr14,106936595,77,148,148,16,K00275:54:HHHJTBBXX:8:1115:15727:24560,+,+,IRR
chr14,106936595,77,148,148,16,K00275:54:HHHJTBBXX:8:1117:26991:39400,+,+,IRR
chr14,106936595,77,148,148,16,K00275:54:HHHJTBBXX:8:1117:26392:33651,+,+,IRR
chr14,106936595,77,148,148,16,K00275:54:HHHJTBBXX:8:1117:26555:40684,+,+,IRR
chr14,106936595,77,146,146,16,K00275:54:HHHJTBBXX:8:1118:16812:8857,+,+,IRR
chr14,106936595,77,148,148,16,K00275:54:HHHJTBBXX:8:1201:27204:13781,+,+,IRR
chr14,106936595,77,148,148,16,K00275:54:HHHJTBBXX:8:1203:9881:35462,+,+,IRR
chr14,106936595,77,148,148,16,K00275:54:HHHJTBBXX:8:1206:16579:44781,+,+,IRR
chr14,106936595,77,148,148,24,K00275:54:HHHJTBBXX:8:1206:16894:45115,+,+,IRR
chr14,106936595,77,148,148,24,K00275:54:HHHJTBBXX:8:1210:4127:12656,+,+,IRR
chr14,106936595,77,148,148,16,K00275:54:HHHJTBBXX:8:1210:9120:44974,+,+,IRR
chr14,106936595,77,146,146,16,K00275:54:HHHJTBBXX:8:1224:30736:18845,+,+,IRR
chr14,106936595,77,148,148,24,K00275:54:HHHJTBBXX:8:1226:12347:46205,+,+,IRR
chr14,106936595,77,148,148,16,K00275:54:HHHJTBBXX:8:2106:10876:17702,+,+,IRR
chr14,106936595,77,148,148,16,K00275:54:HHHJTBBXX:8:2109:8359:20973,+,+,IRR
chr14,106936595,77,148,148,16,K00275:54:HHHJTBBXX:8:2109:22536:41845,+,+,IRR
chr14,106936595,77,148,148,24,K00275:54:HHHJTBBXX:8:2116:32075:36112,+,+,IRR
chr14,106936595,77,148,148,16,K00275:54:HHHJTBBXX:8:2202:4503:9016,+,+,IRR
chr15,10822653,39,148,148,22,K00275:54:HHHJTBBXX:8:2201:27712:32947,+,+,IRR
chr15,22963645,31,148,148,2,K00275:54:HHHJTBBXX:8:1109:29092:11179,+,+,IRR
chr15,95706402,117,148,148,18,K00275:54:HHHJTBBXX:8:1203:28584:5517,+,+,IRR
chr15,95706402,119,148,148,16,K00275:54:HHHJTBBXX:8:1208:29092:15434,+,+,IRR
chr15,95706402,117,148,148,18,K00275:54:HHHJTBBXX:8:1223:24789:31224,+,+,IRR
chr15,95706402,116,148,148,18,K00275:54:HHHJTBBXX:8:2124:23104:38222,+,+,IRR
chr16,3757718,30,148,148,22,K00275:54:HHHJTBBXX:8:2106:23155:30960,+,+,IRR
chr16,21614283,49,148,148,22,K00275:54:HHHJTBBXX:8:1102:14996:6554,+,+,IRR
chr16,21614283,48,148,148,22,K00275:54:HHHJTBBXX:8:1113:7720:4356,+,+,IRR
chr16,21614283,49,148,148,22,K00275:54:HHHJTBBXX:8:1117:19522:45590,+,+,IRR
chr16,21614283,49,148,148,22,K00275:54:HHHJTBBXX:8:1221:24921:32261,+,+,IRR
chr16,21614283,49,148,148,22,K00275:54:HHHJTBBXX:8:1225:14377:44834,+,+,IRR
chr16,21614283,49,148,148,22,K00275:54:HHHJTBBXX:8:2127:12195:17175,+,+,IRR
chr16,21614283,49,146,146,22,K00275:54:HHHJTBBXX:8:2216:9526:11741,+,+,IRR
chr16,21614283,49,148,148,22,K00275:54:HHHJTBBXX:8:2225:9130:20973,+,+,IRR
chr16,21614283,49,148,148,22,K00275:54:HHHJTBBXX:8:2227:15463:38345,+,+,IRR
chr16,21951545,113,148,148,36,K00275:54:HHHJTBBXX:8:1109:16660:34020,+,+,IRR
chr16,21951545,113,148,148,36,K00275:54:HHHJTBBXX:8:1109:16538:35426,+,+,IRR
chr16,21951545,113,148,148,28,K00275:54:HHHJTBBXX:8:1217:21227:48931,+,+,IRR
chr16,55897168,24,24,24,44,K00275:54:HHHJTBBXX:8:1209:30766:26670,+,+,IRR
chr16,58803244,113,148,148,2,K00275:54:HHHJTBBXX:8:2127:26534:38574,+,+,IRR
chr16,62473589,106,148,148,36,K00275:54:HHHJTBBXX:8:1103:7293:48702,+,+,IRR
chr16,62473589,106,148,148,36,K00275:54:HHHJTBBXX:8:1119:24921:24384,+,+,IRR
chr16,62473593,102,148,148,36,K00275:54:HHHJTBBXX:8:1113:15848:27901,+,+,IRR
chr16,62473593,102,148,148,36,K00275:54:HHHJTBBXX:8:1116:15605:11688,+,+,IRR
chr16,62473593,102,148,148,36,K00275:54:HHHJTBBXX:8:1121:10581:24929,+,+,IRR
chr16,62473593,102,148,148,36,K00275:54:HHHJTBBXX:8:1121:19532:30028,+,+,IRR
chr16,62473593,102,148,148,36,K00275:54:HHHJTBBXX:8:2119:8237:22028,+,+,IRR
chr16,71963783,108,146,146,36,K00275:54:HHHJTBBXX:8:1222:9262:31435,+,+,IRR
chr16,79428800,110,145,145,28,K00275:54:HHHJTBBXX:8:2226:6421:29466,+,+,IRR
chr18,72100625,115,148,148,42,K00275:54:HHHJTBBXX:8:1114:32086:45203,+,+,IRR
chr18,72100625,114,148,148,42,K00275:54:HHHJTBBXX:8:1118:26951:42460,+,+,IRR
chr18,72100625,114,148,148,42,K00275:54:HHHJTBBXX:8:1126:5599:35989,+,+,IRR
chr18,72100625,114,148,148,42,K00275:54:HHHJTBBXX:8:1220:24870:45783,+,+,IRR
chr18,72100625,114,148,148,42,K00275:54:HHHJTBBXX:8:1221:17665:43392,+,+,IRR
chr18,72100625,114,148,148,42,K00275:54:HHHJTBBXX:8:2206:7375:17509,+,+,IRR
chr18,72100625,114,148,148,42,K00275:54:HHHJTBBXX:8:2218:13880:36024,+,+,IRR
chr18,72100625,114,148,148,42,K00275:54:HHHJTBBXX:8:2220:25479:48808,+,+,IRR
chr18,72100625,114,148,148,42,K00275:54:HHHJTBBXX:8:2221:25601:1191,+,+,IRR
chr18,76751772,113,148,148,36,K00275:54:HHHJTBBXX:8:1102:27184:8119,+,+,IRR
chr18,76751772,113,148,148,36,K00275:54:HHHJTBBXX:8:1102:13910:8857,+,+,IRR
chr18,76751772,113,148,148,36,K00275:54:HHHJTBBXX:8:1118:14458:33721,+,+,IRR
chr18,76751772,113,148,148,28,K00275:54:HHHJTBBXX:8:1119:22221:21430,+,+,IRR
chr18,76751772,113,148,148,36,K00275:54:HHHJTBBXX:8:1119:7527:28780,+,+,IRR
chr18,76751772,113,148,148,36,K00275:54:HHHJTBBXX:8:1206:4503:22520,+,+,IRR
chr18,76751772,113,148,148,36,K00275:54:HHHJTBBXX:8:1208:14996:20164,+,+,IRR
chr18,76751772,113,148,148,36,K00275:54:HHHJTBBXX:8:1208:15189:20217,+,+,IRR
chr18,76751772,113,148,148,36,K00275:54:HHHJTBBXX:8:1212:31355:28991,+,+,IRR
chr18,76751772,113,148,148,36,K00275:54:HHHJTBBXX:8:1224:12165:15574,+,+,IRR
chr18,76751772,113,148,148,36,K00275:54:HHHJTBBXX:8:1225:20324:39031,+,+,IRR
chr18,76751772,113,148,148,36,K00275:54:HHHJTBBXX:8:2101:27722:1209,+,+,IRR
chr18,76751772,113,148,148,36,K00275:54:HHHJTBBXX:8:2101:29203:1490,+,+,IRR
chr18,76751772,113,148,148,36,K00275:54:HHHJTBBXX:8:2114:30919:11776,+,+,IRR
chr18,76751772,113,148,148,28,K00275:54:HHHJTBBXX:8:2116:1955:34530,+,+,IRR
chr18,76751772,113,148,148,36,K00275:54:HHHJTBBXX:8:2121:9232:37396,+,+,IRR
chr18,76751772,113,148,148,36,K00275:54:HHHJTBBXX:8:2121:8927:39506,+,+,IRR
chr18,76751772,113,148,148,36,K00275:54:HHHJTBBXX:8:2121:8755:39559,+,+,IRR
chr18,76751772,113,148,148,36,K00275:54:HHHJTBBXX:8:2222:9871:32912,+,+,IRR
chr18,76751773,112,148,148,36,K00275:54:HHHJTBBXX:8:1201:27072:37079,+,+,IRR
chr19,10384496,30,148,148,22,K00275:54:HHHJTBBXX:8:2208:9394:27971,+,+,IRR
chrX,16677401,114,148,148,42,K00275:54:HHHJTBBXX:8:1211:15067:30696,+,+,IRR
chrX,16677401,114,148,148,42,K00275:54:HHHJTBBXX:8:2201:8592:27848,+,+,IRR
chrX,16677401,114,148,148,42,K00275:54:HHHJTBBXX:8:2201:9587:28340,+,+,IRR
chrX,16677401,114,148,148,42,K00275:54:HHHJTBBXX:8:2204:3610:43761,+,+,IRR
chrX,41730119,113,148,148,14,K00275:54:HHHJTBBXX:8:1110:20801:7679,+,+,IRR
chrX,41730119,113,148,148,14,K00275:54:HHHJTBBXX:8:1126:31659:40280,+,+,IRR
chrX,41730119,113,148,148,14,K00275:54:HHHJTBBXX:8:2124:23977:39453,+,+,IRR
chrX,41730119,111,146,146,14,K00275:54:HHHJTBBXX:8:2226:6096:20744,+,+,IRR
chrX,66339615,109,148,148,2,K00275:54:HHHJTBBXX:8:1122:25144:43691,+,+,IRR
chrX,74222899,109,148,148,0,K00275:54:HHHJTBBXX:8:2110:25489:39471,+,+,IRR
chrX,87131611,109,148,148,0,K00275:54:HHHJTBBXX:8:1226:22577:25070,+,+,IRR
chrX,122323068,32,148,148,22,K00275:54:HHHJTBBXX:8:1107:5802:44851,+,+,IRR
chrX,160442090,66,148,148,24,K00275:54:HHHJTBBXX:8:1122:4026:22502,+,+,IRR
chrX,160442090,66,148,148,24,K00275:54:HHHJTBBXX:8:1122:21694:30644,+,+,IRR
chrX,160442090,66,148,148,24,K00275:54:HHHJTBBXX:8:1217:26788:40807,+,+,IRR
chrX,160442090,66,148,148,24,K00275:54:HHHJTBBXX:8:2110:9262:28938,+,+,IRR
chrX,160442090,66,148,148,24,K00275:54:HHHJTBBXX:8:2226:9272:22274,+,+,IRR
chrX,160442090,66,148,148,22,K00275:54:HHHJTBBXX:8:2228:31791:16032,+,+,IRR
chrY,52311920,113,148,148,1,K00275:54:HHHJTBBXX:8:1113:14610:34934,+,+,IRR
chrY,72103739,113,148,148,1,K00275:54:HHHJTBBXX:8:2112:10805:28059,+,+,IRR
